,double_field_9,double_field_10,double_field_11,double_field_12,double_field_13
0,0.0,0.0,0.0,0.0,6.51
1,0.0,0.0,0.0,0.0,6.04
2,0.0,0.0,0.0,0.0,6.21
3,0.0,0.0,0.0,0.0,-46.32
4,0.0,0.0,0.0,0.0,-18.02
5,0.0,0.0,0.0,0.0,-33.3
6,0.0,0.0,0.0,0.0,54.2
7,0.0,0.0,0.0,0.0,4.34
8,0.0,0.0,0.0,0.0,29.44
9,0.0,0.0,0.0,0.0,6.58
10,0.0,0.0,0.0,0.0,-42.75
11,0.0,0.0,0.0,0.0,25.78
12,0.0,0.0,0.0,0.0,21.88
13,0.0,0.0,0.0,0.0,73.75
14,0.0,0.0,0.0,0.0,6.31
15,0.0,0.0,0.0,0.0,26.7
16,0.0,0.0,0.0,0.0,29.73
17,0.0,0.0,0.0,0.0,37.35
18,0.0,0.0,0.0,0.0,36.6
19,0.0,0.0,0.0,0.0,36.94
20,0.0,0.0,0.0,0.0,172.01
21,0.0,0.0,0.0,0.0,39.81
22,0.0,0.0,0.0,0.0,23.56
23,0.0,0.0,0.0,0.0,28.06
24,0.0,0.0,0.0,0.0,98.77
25,0.0,0.0,0.0,0.0,57.62
26,0.0,0.0,0.0,0.0,59.07
27,0.0,0.0,0.0,0.0,-18.68
28,0.0,0.0,0.0,0.0,132.73
29,0.0,0.0,0.0,0.0,150.06
30,0.0,0.0,0.0,0.0,208.84
31,0.0,0.0,0.0,0.0,53.17
32,0.0,0.0,0.0,0.0,155.4
33,0.0,0.0,0.0,0.0,12.42
34,0.0,0.0,0.0,0.0,8.85
35,0.0,0.0,0.0,0.0,-7.72
36,0.0,0.0,0.0,0.0,13.09
37,0.0,0.0,0.0,0.0,20.56
38,0.0,0.0,0.0,0.0,12.07
39,0.0,0.0,0.0,0.0,20.52
40,0.0,0.0,0.0,0.0,89.5
41,0.0,0.0,0.0,0.0,81.36
42,0.0,0.0,0.0,0.0,31.76
43,0.0,0.0,0.0,0.0,24.6
44,0.0,0.0,0.0,0.0,16.08
45,0.0,0.0,0.0,0.0,14.61
46,0.0,0.0,0.0,0.0,46.01
47,0.0,0.0,0.0,0.0,7.87
48,0.0,0.0,0.0,0.0,11.93
49,0.0,0.0,0.0,0.0,133.18
50,0.0,0.0,0.0,0.0,100.65
51,0.0,0.0,0.0,0.0,-27.13
52,0.0,0.0,0.0,0.0,23.37
53,0.0,0.0,0.0,0.0,24.74
54,0.0,0.0,0.0,0.0,79.9
55,0.0,0.0,0.0,0.0,34.75
56,0.0,0.0,0.0,0.0,85.88
57,0.0,0.0,0.0,0.0,92.43
58,0.0,0.0,0.0,0.0,56.91
59,0.0,0.0,0.0,0.0,-139.9
60,0.0,0.0,0.0,0.0,51.66
61,0.0,0.0,0.0,0.0,-11.9
62,0.0,0.0,0.0,0.0,63.35
63,0.0,0.0,0.0,0.0,7.56
64,0.0,0.0,0.0,0.0,6.55
65,0.0,0.0,0.0,0.0,23.16
66,0.0,0.0,0.0,0.0,16.78
67,0.0,0.0,0.0,0.0,41.28
68,0.0,0.0,0.0,0.0,0.01
69,0.0,0.0,0.0,0.0,23.16
70,0.0,0.0,0.0,0.0,19.56
71,0.0,0.0,0.0,0.0,-36.18
72,0.0,0.0,0.0,0.0,14.61
73,0.0,0.0,0.0,0.0,7.49
74,0.0,0.0,0.0,0.0,7.42
75,0.0,0.0,0.0,0.0,11.8
76,0.0,0.0,0.0,0.0,-22.62
77,0.0,0.0,0.0,0.0,41.86
78,0.0,0.0,0.0,0.0,18.57
79,0.0,0.0,0.0,0.0,65.06
80,0.0,0.0,0.0,0.0,55.09
81,0.0,0.0,0.0,0.0,17.02
82,0.0,0.0,0.0,0.0,29.69
83,0.0,0.0,0.0,0.0,13.93
84,0.0,0.0,0.0,0.0,-0.03
85,0.0,0.0,0.0,0.0,44.08
86,0.0,0.0,0.0,0.0,20.32
87,0.0,0.0,0.0,0.0,46.66
88,0.0,0.0,0.0,0.0,54.28
89,0.0,0.0,0.0,0.0,44.73
90,0.0,0.0,0.0,0.0,29.67
91,0.0,0.0,0.0,0.0,32.6
92,0.0,0.0,0.0,0.0,2.8
93,0.0,0.0,0.0,0.0,109.55
94,0.0,0.0,0.0,0.0,-195.07
95,0.0,0.0,0.0,0.0,-6.2
96,0.0,0.0,0.0,0.0,-9.98
97,0.0,0.0,0.0,0.0,37.15
98,0.0,0.0,0.0,0.0,15.26
99,0.0,0.0,0.0,0.0,23.82
100,0.0,0.0,0.0,0.0,142.32
101,0.0,0.0,0.0,0.0,38.32
102,0.0,0.0,0.0,0.0,33.97
103,0.0,0.0,0.0,0.0,18.54
104,0.0,0.0,0.0,0.0,30.3
105,0.0,0.0,0.0,0.0,104.65
106,0.0,0.0,0.0,0.0,19.92
107,0.0,0.0,0.0,0.0,55.67
108,0.0,0.0,0.0,0.0,91.02
109,0.0,0.0,0.0,0.0,85.05
110,0.0,0.0,0.0,0.0,463.41
111,0.0,0.0,0.0,0.0,108.31
112,0.0,0.0,0.0,0.0,96.38
113,0.0,0.0,0.0,0.0,125.58
114,0.0,0.0,0.0,0.0,82.34
115,0.0,0.0,0.0,0.0,10.8
116,0.0,0.0,0.0,0.0,0.01
117,0.0,0.0,0.0,0.0,21.39
118,0.0,0.0,0.0,0.0,-76.8
119,0.0,0.0,0.0,0.0,165.28
120,0.0,0.0,0.0,0.0,-553.08
121,0.0,0.0,0.0,0.0,63.78
122,0.0,0.0,0.0,0.0,-320.13
123,0.0,0.0,0.0,0.0,-12.62
124,0.0,0.0,0.0,0.0,38.4
125,0.0,0.0,0.0,0.0,46.83
126,0.0,0.0,0.0,0.0,-1225.71
127,0.0,0.0,0.0,0.0,17.9
128,0.0,0.0,0.0,0.0,13.24
129,0.0,0.0,0.0,0.0,43.36
130,0.0,0.0,0.0,0.0,17.65
131,0.0,0.0,0.0,0.0,525.99
132,0.0,0.0,0.0,0.0,84.99
133,0.0,0.0,0.0,0.0,42.21
134,0.0,0.0,0.0,0.0,14.73
135,0.0,0.0,0.0,0.0,6.21
136,0.0,0.0,0.0,0.0,78.08
137,0.0,0.0,0.0,0.0,16.92
138,0.0,0.0,0.0,0.0,24.7
139,0.0,0.0,0.0,0.0,14.94
140,0.0,0.0,0.0,0.0,28.56
141,0.0,0.0,0.0,0.0,42.05
142,0.0,0.0,0.0,0.0,57.62
143,0.0,0.0,0.0,0.0,32.49
144,0.0,0.0,0.0,0.0,30.86
145,0.0,0.0,0.0,0.0,71.78
146,0.0,0.0,0.0,0.0,95.96
147,0.0,0.0,0.0,0.0,-8.77
148,0.0,0.0,0.0,0.0,92.62
149,0.0,0.0,0.0,0.0,82.44
150,0.0,0.0,0.0,0.0,215.36
151,0.0,0.0,0.0,0.0,10.4
152,0.0,0.0,0.0,0.0,32.09
153,0.0,0.0,0.0,0.0,11.6
154,0.0,0.0,0.0,0.0,34.38
155,0.0,0.0,0.0,0.0,14.7
156,0.0,0.0,0.0,0.0,29.95
157,0.0,0.0,0.0,0.0,35.85
158,0.0,0.0,0.0,0.0,21.32
159,0.0,0.0,0.0,0.0,-13.68
160,0.0,0.0,0.0,0.0,15.06
161,0.0,0.0,0.0,0.0,3.38
162,0.0,0.0,0.0,0.0,10.36
163,0.0,0.0,0.0,0.0,14.37
164,0.0,0.0,0.0,0.0,-181.09
165,0.0,0.0,0.0,0.0,42.18
166,0.0,0.0,0.0,0.0,6.02
167,0.0,0.0,0.0,0.0,25.66
168,0.0,0.0,0.0,0.0,10.98
169,0.0,0.0,0.0,0.0,32.79
170,0.0,0.0,0.0,0.0,30.5
171,0.0,0.0,0.0,0.0,19.81
172,0.0,0.0,0.0,0.0,16.87
173,0.0,0.0,0.0,0.0,90.46
174,0.0,0.0,0.0,0.0,7.62
175,0.0,0.0,0.0,0.0,43.17
176,0.0,0.0,0.0,0.0,65.7
177,0.0,0.0,0.0,0.0,109.99
178,0.0,0.0,0.0,0.0,13.12
179,0.0,0.0,0.0,0.0,83.54
180,0.0,0.0,0.0,0.0,111.26
181,0.0,0.0,0.0,0.0,174.67
182,0.0,0.0,0.0,0.0,158.24
183,0.0,0.0,0.0,0.0,252.36
184,0.0,0.0,0.0,0.0,-1.8
185,0.0,0.0,0.0,0.0,16.8
186,0.0,0.0,0.0,0.0,24.95
187,0.0,0.0,0.0,0.0,42.53
188,0.0,0.0,0.0,0.0,4.52
189,0.0,0.0,0.0,0.0,28.36
190,0.0,0.0,0.0,0.0,-107.46
191,0.0,0.0,0.0,0.0,37.15
192,0.0,0.0,0.0,0.0,54.32
193,0.0,0.0,0.0,0.0,24.23
194,0.0,0.0,0.0,0.0,13.18
195,0.0,0.0,0.0,0.0,-35.92
196,0.0,0.0,0.0,0.0,9.98
197,0.0,0.0,0.0,0.0,14.78
198,0.0,0.0,0.0,0.0,14.31
199,0.0,0.0,0.0,0.0,60.21
200,0.0,0.0,0.0,0.0,33.6
201,0.0,0.0,0.0,0.0,21.54
202,0.0,0.0,0.0,0.0,45.48
203,0.0,0.0,0.0,0.0,27.92
204,0.0,0.0,0.0,0.0,40.23
205,0.0,0.0,0.0,0.0,18.66
206,0.0,0.0,0.0,0.0,31.85
207,0.0,0.0,0.0,0.0,49.25
208,0.0,0.0,0.0,0.0,43.98
209,0.0,0.0,0.0,0.0,12.94
210,0.0,0.0,0.0,0.0,142.69
211,0.0,0.0,0.0,0.0,79.31
212,0.0,0.0,0.0,0.0,285.12
213,0.0,0.0,0.0,0.0,80.24
214,0.0,0.0,0.0,0.0,54.54
215,0.0,0.0,0.0,0.0,106.99
216,0.0,0.0,0.0,0.0,123.2
217,0.0,0.0,0.0,0.0,3.98
218,0.0,0.0,0.0,0.0,-741.3
219,0.0,0.0,0.0,0.0,62.6
220,0.0,0.0,0.0,0.0,5.6
221,0.0,0.0,0.0,0.0,-19.29
222,0.0,0.0,0.0,0.0,-56.88
223,0.0,0.0,0.0,0.0,-244.02
224,0.0,0.0,0.0,0.0,-88.7
225,0.0,0.0,0.0,0.0,14.45
226,0.0,0.0,0.0,0.0,54.76
227,0.0,0.0,0.0,0.0,-70.37
228,0.0,0.0,0.0,0.0,3.7
229,0.0,0.0,0.0,0.0,23.8
230,0.0,0.0,0.0,0.0,65.4
231,0.0,0.0,0.0,0.0,69.41
232,0.0,0.0,0.0,0.0,37.3
233,0.0,0.0,0.0,0.0,17.4
234,0.0,0.0,0.0,0.0,235.31
235,0.0,0.0,0.0,0.0,6.66
236,0.0,0.0,0.0,0.0,8.75
237,0.0,0.0,0.0,0.0,35.4
238,0.0,0.0,0.0,0.0,41.38
239,0.0,0.0,0.0,0.0,40.28
240,0.0,0.0,0.0,0.0,17.6
241,0.0,0.0,0.0,0.0,44.1
242,0.0,0.0,0.0,0.0,19.84
243,0.0,0.0,0.0,0.0,10.78
244,0.0,0.0,0.0,0.0,38.5
245,0.0,0.0,0.0,0.0,45.45
246,0.0,0.0,0.0,0.0,46.41
247,0.0,0.0,0.0,0.0,60.88
248,0.0,0.0,0.0,0.0,-6.56
249,0.0,0.0,0.0,0.0,74.46
250,0.0,0.0,0.0,0.0,56.08
251,0.0,0.0,0.0,0.0,33.8
252,0.0,0.0,0.0,0.0,-88.2
253,0.0,0.0,0.0,0.0,10.86
254,0.0,0.0,0.0,0.0,14.0
255,0.0,0.0,0.0,0.0,30.03
256,0.0,0.0,0.0,0.0,15.82
257,0.0,0.0,0.0,0.0,2.97
258,0.0,0.0,0.0,0.0,34.36
259,0.0,0.0,0.0,0.0,19.96
260,0.0,0.0,0.0,0.0,377.18
261,0.0,0.0,0.0,0.0,29.38
262,0.0,0.0,0.0,0.0,28.11
263,0.0,0.0,0.0,0.0,6.75
264,0.0,0.0,0.0,0.0,22.5
265,0.0,0.0,0.0,0.0,80.5
266,0.0,0.0,0.0,0.0,27.65
267,0.0,0.0,0.0,0.0,-21.06
268,0.0,0.0,0.0,0.0,36.9
269,0.0,0.0,0.0,0.0,24.68
270,0.0,0.0,0.0,0.0,83.94
271,0.0,0.0,0.0,0.0,74.63
272,0.0,0.0,0.0,0.0,130.63
273,0.0,0.0,0.0,0.0,138.44
274,0.0,0.0,0.0,0.0,48.6
275,0.0,0.0,0.0,0.0,72.75
276,0.0,0.0,0.0,0.0,-514.55
277,0.0,0.0,0.0,0.0,20.0
278,0.0,0.0,0.0,0.0,-68.05
279,0.0,0.0,0.0,0.0,27.02
280,0.0,0.0,0.0,0.0,-7.72
281,0.0,0.0,0.0,0.0,-1729.16
282,0.0,0.0,0.0,0.0,-974.85
283,0.0,0.0,0.0,0.0,-1755.13
284,0.0,0.0,0.0,0.0,25.36
285,0.0,0.0,0.0,0.0,-2.5
286,0.0,0.0,0.0,0.0,74.34
287,0.0,0.0,0.0,0.0,-17.49
288,0.0,0.0,0.0,0.0,12.59
289,0.0,0.0,0.0,0.0,5.82
290,0.0,0.0,0.0,0.0,34.49
291,0.0,0.0,0.0,0.0,48.38
292,0.0,0.0,0.0,0.0,19.87
293,0.0,0.0,0.0,0.0,13.72
294,0.0,0.0,0.0,0.0,24.75
295,0.0,0.0,0.0,0.0,14.72
296,0.0,0.0,0.0,0.0,-0.52
297,0.0,0.0,0.0,0.0,73.16
298,0.0,0.0,0.0,0.0,51.12
299,0.0,0.0,0.0,0.0,95.31
300,0.0,0.0,0.0,0.0,32.09
301,0.0,0.0,0.0,0.0,17.46
302,0.0,0.0,0.0,0.0,14.94
303,0.0,0.0,0.0,0.0,164.8
304,0.0,0.0,0.0,0.0,63.72
305,0.0,0.0,0.0,0.0,50.72
306,0.0,0.0,0.0,0.0,289.66
307,0.0,0.0,0.0,0.0,97.9
308,0.0,0.0,0.0,0.0,58.09
309,0.0,0.0,0.0,0.0,12.18
310,0.0,0.0,0.0,0.0,-10.38
311,0.0,0.0,0.0,0.0,30.04
312,0.0,0.0,0.0,0.0,31.56
313,0.0,0.0,0.0,0.0,15.82
314,0.0,0.0,0.0,0.0,-339.24
315,0.0,0.0,0.0,0.0,16.9
316,0.0,0.0,0.0,0.0,42.95
317,0.0,0.0,0.0,0.0,107.85
318,0.0,0.0,0.0,0.0,15.44
319,0.0,0.0,0.0,0.0,-6.48
320,0.0,0.0,0.0,0.0,98.64
321,0.0,0.0,0.0,0.0,5.88
322,0.0,0.0,0.0,0.0,104.38
323,0.0,0.0,0.0,0.0,13.8
324,0.0,0.0,0.0,0.0,15.59
325,0.0,0.0,0.0,0.0,56.06
326,0.0,0.0,0.0,0.0,-284.27
327,0.0,0.0,0.0,0.0,34.14
328,0.0,0.0,0.0,0.0,37.32
329,0.0,0.0,0.0,0.0,24.66
330,0.0,0.0,0.0,0.0,10.07
331,0.0,0.0,0.0,0.0,17.88
332,0.0,0.0,0.0,0.0,51.94
333,0.0,0.0,0.0,0.0,17.11
334,0.0,0.0,0.0,0.0,16.73
335,0.0,0.0,0.0,0.0,7.32
336,0.0,0.0,0.0,0.0,43.79
337,0.0,0.0,0.0,0.0,19.53
338,0.0,0.0,0.0,0.0,32.17
339,0.0,0.0,0.0,0.0,37.07
340,0.0,0.0,0.0,0.0,35.65
341,0.0,0.0,0.0,0.0,30.96
342,0.0,0.0,0.0,0.0,12.62
343,0.0,0.0,0.0,0.0,-76.17
344,0.0,0.0,0.0,0.0,15.4
345,0.0,0.0,0.0,0.0,74.1
346,0.0,0.0,0.0,0.0,17.48
347,0.0,0.0,0.0,0.0,7.3
348,0.0,0.0,0.0,0.0,-379.4
349,0.0,0.0,0.0,0.0,-123.62
350,0.0,0.0,0.0,0.0,47.2
351,0.0,0.0,0.0,0.0,1.24
352,0.0,0.0,0.0,0.0,27.03
353,0.0,0.0,0.0,0.0,5.07
354,0.0,0.0,0.0,0.0,11.19
355,0.0,0.0,0.0,0.0,-296.45
356,0.0,0.0,0.0,0.0,14.39
357,0.0,0.0,0.0,0.0,27.06
358,0.0,0.0,0.0,0.0,18.77
359,0.0,0.0,0.0,0.0,23.3
360,0.0,0.0,0.0,0.0,26.7
361,0.0,0.0,0.0,0.0,16.63
362,0.0,0.0,0.0,0.0,8.09
363,0.0,0.0,0.0,0.0,19.66
364,0.0,0.0,0.0,0.0,4.93
365,0.0,0.0,0.0,0.0,21.96
366,0.0,0.0,0.0,0.0,66.44
367,0.0,0.0,0.0,0.0,76.42
368,0.0,0.0,0.0,0.0,46.49
369,0.0,0.0,0.0,0.0,62.49
370,0.0,0.0,0.0,0.0,70.58
371,0.0,0.0,0.0,0.0,34.6
372,0.0,0.0,0.0,0.0,25.67
373,0.0,0.0,0.0,0.0,30.02
374,0.0,0.0,0.0,0.0,19.68
375,0.0,0.0,0.0,0.0,77.36
376,0.0,0.0,0.0,0.0,26.92
377,0.0,0.0,0.0,0.0,91.08
378,0.0,0.0,0.0,0.0,4.14
379,0.0,0.0,0.0,0.0,19.93
380,0.0,0.0,0.0,0.0,-2096.98
381,0.0,0.0,0.0,0.0,-1263.21
382,0.0,0.0,0.0,0.0,-105.85
383,0.0,0.0,0.0,0.0,22.56
384,0.0,0.0,0.0,0.0,16.64
385,0.0,0.0,0.0,0.0,23.16
386,0.0,0.0,0.0,0.0,43.9
387,0.0,0.0,0.0,0.0,2.7
388,0.0,0.0,0.0,0.0,33.87
389,0.0,0.0,0.0,0.0,6.46
390,0.0,0.0,0.0,0.0,28.85
391,0.0,0.0,0.0,0.0,78.98
392,0.0,0.0,0.0,0.0,29.56
393,0.0,0.0,0.0,0.0,-17.37
394,0.0,0.0,0.0,0.0,14.0
395,0.0,0.0,0.0,0.0,-32.64
396,0.0,0.0,0.0,0.0,29.48
397,0.0,0.0,0.0,0.0,-293.35
398,0.0,0.0,0.0,0.0,34.92
399,0.0,0.0,0.0,0.0,90.58
400,0.0,0.0,0.0,0.0,57.21
401,0.0,0.0,0.0,0.0,34.75
402,0.0,0.0,0.0,0.0,24.16
403,0.0,0.0,0.0,0.0,88.22
404,0.0,0.0,0.0,0.0,79.7
405,0.0,0.0,0.0,0.0,45.38
406,0.0,0.0,0.0,0.0,97.42
407,0.0,0.0,0.0,0.0,141.7
408,0.0,0.0,0.0,0.0,23.74
409,0.0,0.0,0.0,0.0,71.69
410,0.0,0.0,0.0,0.0,155.56
411,0.0,0.0,0.0,0.0,4.76
412,0.0,0.0,0.0,0.0,-46.2
413,0.0,0.0,0.0,0.0,6.66
414,0.0,0.0,0.0,0.0,15.84
415,0.0,0.0,0.0,0.0,13.4
416,0.0,0.0,0.0,0.0,33.22
417,0.0,0.0,0.0,0.0,44.6
418,0.0,0.0,0.0,0.0,15.82
419,0.0,0.0,0.0,0.0,44.6
420,0.0,0.0,0.0,0.0,-187.55
421,0.0,0.0,0.0,0.0,71.96
422,0.0,0.0,0.0,0.0,33.06
423,0.0,0.0,0.0,0.0,4.24
424,0.0,0.0,0.0,0.0,39.52
425,0.0,0.0,0.0,0.0,11.38
426,0.0,0.0,0.0,0.0,5.24
427,0.0,0.0,0.0,0.0,11.72
428,0.0,0.0,0.0,0.0,24.88
429,0.0,0.0,0.0,0.0,28.95
430,0.0,0.0,0.0,0.0,28.95
431,0.0,0.0,0.0,0.0,48.82
432,0.0,0.0,0.0,0.0,10.36
433,0.0,0.0,0.0,0.0,48.31
434,0.0,0.0,0.0,0.0,70.0
435,0.0,0.0,0.0,0.0,35.74
436,0.0,0.0,0.0,36.32,6.1
437,0.0,0.0,0.0,0.0,26.23
438,0.0,0.0,0.0,0.0,50.03
439,0.0,0.0,0.0,0.0,157.11
440,0.0,0.0,0.0,0.0,-54.64
441,0.0,0.0,0.0,0.0,42.6
442,0.0,0.0,0.0,0.0,18.61
443,0.0,0.0,0.0,0.0,33.03
444,0.0,0.0,0.0,0.0,55.98
445,0.0,0.0,0.0,0.0,36.35
446,0.0,0.0,0.0,0.0,14.26
447,0.0,0.0,0.0,0.0,98.33
448,0.0,0.0,0.0,0.0,98.24
449,0.0,0.0,0.0,0.0,82.8
450,0.0,0.0,0.0,0.0,96.4
451,0.0,0.0,0.0,0.0,43.13
452,0.0,0.0,0.0,0.0,65.03
453,0.0,0.0,0.0,0.0,113.58
454,0.0,0.0,0.0,0.0,72.48
455,0.0,0.0,0.0,0.0,106.83
456,0.0,0.0,0.0,0.0,9.74
457,0.0,0.0,0.0,0.0,45.56
458,0.0,0.0,0.0,0.0,4.96
459,0.0,0.0,0.0,0.0,52.0
460,0.0,0.0,0.0,0.0,3.58
461,0.0,0.0,0.0,0.0,34.18
462,0.0,0.0,0.0,0.0,36.46
463,0.0,0.0,0.0,0.0,19.2
464,0.0,0.0,0.0,0.0,27.02
465,0.0,0.0,0.0,0.0,22.84
466,0.0,0.0,0.0,0.0,18.8
467,0.0,0.0,0.0,0.0,36.05
468,0.0,0.0,0.0,0.0,12.7
469,0.0,0.0,0.0,0.0,61.24
470,0.0,0.0,0.0,0.0,24.95
471,0.0,0.0,0.0,0.0,-357.07
472,0.0,0.0,0.0,0.0,67.81
473,0.0,0.0,0.0,0.0,28.49
474,0.0,0.0,0.0,0.0,12.37
475,0.0,0.0,0.0,0.0,11.52
476,0.0,0.0,0.0,0.0,282.0
477,0.0,0.0,0.0,0.0,18.29
478,0.0,0.0,0.0,0.0,32.49
479,0.0,0.0,0.0,0.0,84.66
480,0.0,0.0,0.0,0.0,33.36
481,0.0,0.0,0.0,0.0,10.26
482,0.0,0.0,0.0,0.0,30.43
483,0.0,0.0,0.0,0.0,215.45
484,0.0,0.0,0.0,0.0,61.0
485,0.0,0.0,0.0,0.0,30.61
486,0.0,0.0,0.0,0.0,95.66
487,0.0,0.0,0.0,0.0,124.21
488,0.0,0.0,0.0,0.0,124.4
489,0.0,0.0,0.0,0.0,140.97
490,0.0,0.0,0.0,0.0,19.9
491,0.0,0.0,0.0,0.0,30.88
492,0.0,0.0,0.0,0.0,58.44
493,0.0,0.0,0.0,0.0,22.8
494,0.0,0.0,0.0,0.0,9.34
495,0.0,0.0,0.0,0.0,-54.44
496,0.0,0.0,0.0,0.0,-2437.1
497,0.0,0.0,0.0,0.0,-110.9
498,0.0,0.0,0.0,0.0,7.6
499,0.0,0.0,0.0,0.0,32.7
500,0.0,0.0,0.0,0.0,4.32
501,0.0,0.0,0.0,0.0,19.02
502,0.0,0.0,0.0,0.0,19.86
503,0.0,0.0,0.0,0.0,57.34
504,0.0,0.0,0.0,0.0,40.04
505,0.0,0.0,0.0,0.0,14.66
506,0.0,0.0,0.0,0.0,22.35
507,0.0,0.0,0.0,0.0,62.28
508,0.0,0.0,0.0,0.0,70.34
509,0.0,0.0,0.0,0.0,26.52
510,0.0,0.0,0.0,0.0,11.13
511,0.0,0.0,0.0,0.0,53.27
512,0.0,0.0,0.0,0.0,44.21
513,0.0,0.0,0.0,0.0,125.39
514,0.0,0.0,0.0,0.0,60.57
515,0.0,0.0,0.0,0.0,17.38
516,0.0,0.0,0.0,0.0,59.07
517,0.0,0.0,0.0,0.0,26.58
518,0.0,0.0,0.0,0.0,56.06
519,0.0,0.0,0.0,0.0,307.3
520,0.0,0.0,0.0,0.0,86.94
521,0.0,0.0,0.0,0.0,138.52
522,0.0,0.0,0.0,0.0,-456.09
523,0.0,0.0,0.0,0.0,61.8
524,0.0,0.0,0.0,0.0,131.52
525,0.0,0.0,0.0,0.0,41.3
526,0.0,0.0,0.0,0.0,57.9
527,0.0,0.0,0.0,0.0,24.27
528,0.0,0.0,0.0,0.0,25.48
529,0.0,0.0,0.0,0.0,15.44
530,0.0,0.0,0.0,0.0,5.86
531,0.0,0.0,0.0,0.0,8.91
532,0.0,0.0,0.0,0.0,-29.18
533,0.0,0.0,0.0,0.0,-506.76
534,0.0,0.0,0.0,0.0,23.97
535,0.0,0.0,0.0,0.0,-156.48
536,0.0,0.0,0.0,0.0,11.32
537,0.0,0.0,0.0,0.0,119.76
538,0.0,0.0,0.0,0.0,49.29
539,0.0,0.0,0.0,0.0,132.83
540,0.0,0.0,0.0,0.0,41.54
541,0.0,0.0,0.0,0.0,187.68
542,0.0,0.0,0.0,0.0,18.76
543,0.0,0.0,0.0,0.0,58.27
544,0.0,0.0,0.0,0.0,65.53
545,0.0,0.0,0.0,0.0,27.48
546,0.0,0.0,0.0,0.0,86.8
547,0.0,0.0,0.0,0.0,67.56
548,0.0,0.0,0.0,0.0,220.96
549,0.0,0.0,0.0,0.0,91.92
550,0.0,0.0,0.0,0.0,62.19
551,0.0,0.0,0.0,0.0,118.48
552,0.0,0.0,0.0,0.0,-11.1
553,0.0,0.0,0.0,0.0,46.32
554,0.0,0.0,0.0,0.0,3.29
555,0.0,0.0,0.0,0.0,19.2
556,0.0,0.0,0.0,0.0,6.21
557,0.0,0.0,0.0,0.0,29.97
558,0.0,0.0,0.0,0.0,12.45
559,0.0,0.0,0.0,0.0,-40.0
560,0.0,0.0,0.0,0.0,1.78
561,0.0,0.0,0.0,0.0,-9.3
562,0.0,0.0,0.0,0.0,-19.02
563,0.0,0.0,0.0,0.0,33.0
564,0.0,0.0,0.0,0.0,9.52
565,0.0,0.0,0.0,0.0,15.01
566,0.0,0.0,0.0,0.0,46.42
567,0.0,0.0,0.0,0.0,11.73
568,0.0,0.0,0.0,0.0,7.33
569,0.0,0.0,0.0,0.0,27.91
570,0.0,0.0,0.0,0.0,59.02
571,0.0,0.0,0.0,0.0,66.94
572,0.0,0.0,0.0,0.0,19.03
573,0.0,0.0,0.0,0.0,61.05
574,0.0,0.0,0.0,0.0,13.12
575,0.0,0.0,0.0,0.0,9.06
576,0.0,0.0,0.0,0.0,136.16
577,0.0,0.0,0.0,0.0,16.1
578,0.0,0.0,0.0,0.0,54.5
579,0.0,0.0,0.0,0.0,173.48
580,0.0,0.0,0.0,0.0,112.84
581,0.0,0.0,0.0,0.0,49.32
582,0.0,0.0,0.0,0.0,178.5
583,0.0,0.0,0.0,0.0,195.06
584,0.0,0.0,0.0,0.0,79.88
585,0.0,0.0,0.0,0.0,92.14
586,0.0,0.0,0.0,0.0,0.06
587,0.0,0.0,0.0,0.0,69.47
588,0.0,0.0,0.0,0.0,30.37
589,0.0,0.0,0.0,0.0,33.9
590,0.0,0.0,0.0,0.0,82.74
591,0.0,0.0,0.0,0.0,-135.56
592,0.0,0.0,0.0,0.0,7.04
593,0.0,0.0,0.0,0.0,-87.45
594,0.0,0.0,0.0,0.0,42.34
595,0.0,0.0,0.0,0.0,3.27
596,0.0,0.0,0.0,0.0,3.96
597,0.0,0.0,0.0,0.0,-41.94
598,0.0,0.0,0.0,0.0,10.28
599,0.0,0.0,0.0,0.0,48.67
600,0.0,0.0,0.0,0.0,17.67
601,0.0,0.0,0.0,0.0,10.85
602,0.0,0.0,0.0,0.0,53.62
603,0.0,0.0,0.0,0.0,81.45
604,0.0,0.0,0.0,0.0,4.7
605,0.0,0.0,0.0,0.0,10.2
606,0.0,0.0,0.0,0.0,60.39
607,0.0,0.0,0.0,0.0,63.43
608,0.0,0.0,0.0,0.0,19.8
609,0.0,0.0,0.0,0.0,37.74
610,0.0,0.0,0.0,0.0,62.45
611,0.0,0.0,0.0,0.0,50.01
612,0.0,0.0,0.0,0.0,0.01
613,0.0,0.0,0.0,0.0,38.65
614,0.0,0.0,0.0,0.0,52.48
615,0.0,0.0,0.0,0.0,85.5
616,0.0,0.0,0.0,0.0,-175.96
617,0.0,0.0,0.0,0.0,21.4
618,0.0,0.0,0.0,0.0,23.4
619,0.0,0.0,0.0,0.0,4.95
620,0.0,0.0,0.0,0.0,10.85
621,0.0,0.0,0.0,0.0,14.28
622,0.0,0.0,0.0,0.0,12.02
623,0.0,0.0,0.0,0.0,-13.68
624,0.0,0.0,0.0,0.0,3.76
625,0.0,0.0,0.0,0.0,20.37
626,0.0,0.0,0.0,0.0,-27.02
627,0.0,0.0,0.0,0.0,255.92
628,0.0,0.0,0.0,0.0,23.16
629,0.0,0.0,0.0,0.0,10.49
630,0.0,0.0,0.0,0.0,4.56
631,0.0,0.0,0.0,0.0,7.24
632,0.0,0.0,0.0,0.0,23.79
633,0.0,0.0,0.0,0.0,10.22
634,0.0,0.0,0.0,0.0,27.32
635,0.0,0.0,0.0,0.0,109.66
636,0.0,0.0,0.0,0.0,11.36
637,0.0,0.0,0.0,0.0,-44.72
638,0.0,0.0,0.0,0.0,7.24
639,0.0,0.0,0.0,0.0,41.21
640,0.0,0.0,0.0,0.0,182.24
641,0.0,0.0,0.0,0.0,62.46
642,0.0,0.0,0.0,0.0,80.51
643,0.0,0.0,0.0,0.0,259.58
644,0.0,0.0,0.0,0.0,9.47
645,0.0,0.0,0.0,0.0,27.2
646,0.0,0.0,0.0,0.0,164.15
647,0.0,0.0,0.0,0.0,98.16
648,0.0,0.0,0.0,0.0,143.22
649,0.0,0.0,0.0,0.0,44.22
650,0.0,0.0,0.0,0.0,79.73
651,0.0,0.0,0.0,0.0,82.65
652,0.0,0.0,0.0,0.0,292.52
653,0.0,0.0,0.0,0.0,70.92
654,0.0,0.0,0.0,0.0,121.46
655,0.0,0.0,0.0,0.0,213.1
656,0.0,0.0,0.0,0.0,-16.6
657,0.0,0.0,0.0,0.0,141.43
658,0.0,0.0,0.0,0.0,7.96
659,0.0,0.0,0.0,0.0,16.1
660,0.0,0.0,0.0,0.0,21.58
661,0.0,0.0,0.0,0.0,11.78
662,0.0,0.0,0.0,0.0,-6.5
663,0.0,0.0,0.0,0.0,34.02
664,0.0,0.0,0.0,0.0,41.73
665,0.0,0.0,0.0,0.0,-552.77
666,0.0,0.0,0.0,0.0,20.52
667,0.0,0.0,0.0,0.0,-1080.22
668,0.0,0.0,0.0,0.0,-189.74
669,0.0,0.0,0.0,0.0,19.3
670,0.0,0.0,0.0,0.0,9.0
671,0.0,0.0,0.0,0.0,4.14
672,0.0,0.0,0.0,0.0,-15.55
673,0.0,0.0,0.0,0.0,32.38
674,0.0,0.0,0.0,0.0,10.32
675,0.0,0.0,0.0,0.0,47.33
676,0.0,0.0,0.0,0.0,29.01
677,0.0,0.0,0.0,0.0,18.59
678,0.0,0.0,0.0,0.0,38.13
679,0.0,0.0,0.0,0.0,18.11
680,0.0,0.0,0.0,0.0,31.24
681,0.0,0.0,0.0,0.0,-14.82
682,0.0,0.0,0.0,0.0,33.71
683,0.0,0.0,0.0,0.0,14.36
684,0.0,0.0,0.0,0.0,27.25
685,0.0,0.0,0.0,0.0,65.59
686,0.0,0.0,0.0,0.0,52.62
687,0.0,0.0,0.0,0.0,42.48
688,0.0,0.0,0.0,0.0,42.74
689,0.0,0.0,0.0,9.08,33.67
690,0.0,0.0,0.0,0.0,45.81
691,0.0,0.0,0.0,0.0,61.96
692,0.0,0.0,0.0,0.0,503.51
693,0.0,0.0,0.0,0.0,4.8
694,0.0,0.0,0.0,0.0,-127.56
695,0.0,0.0,0.0,0.0,25.98
696,0.0,0.0,0.0,0.0,9.4
697,0.0,0.0,0.0,0.0,-22.89
698,0.0,0.0,0.0,0.0,15.44
699,0.0,0.0,0.0,0.0,11.86
700,0.0,0.0,0.0,0.0,-194.53
701,0.0,0.0,0.0,0.0,3.0
702,0.0,0.0,0.0,0.0,10.68
703,0.0,0.0,0.0,0.0,140.4
704,0.0,0.0,0.0,0.0,42.75
705,0.0,0.0,0.0,0.0,-47.88
706,0.0,0.0,0.0,0.0,54.25
707,0.0,0.0,0.0,0.0,53.22
708,0.0,0.0,0.0,0.0,74.85
709,0.0,0.0,0.0,0.0,50.62
710,0.0,0.0,0.0,0.0,76.18
711,0.0,0.0,0.0,0.0,25.19
712,0.0,0.0,0.0,0.0,106.73
713,0.0,0.0,0.0,0.0,123.19
714,0.0,0.0,0.0,0.0,68.13
715,0.0,0.0,0.0,0.0,102.49
716,0.0,0.0,0.0,0.0,41.58
717,0.0,0.0,0.0,0.0,28.86
718,0.0,0.0,0.0,0.0,51.09
719,0.0,0.0,0.0,0.0,42.08
720,0.0,0.0,0.0,0.0,8.88
721,0.0,0.0,0.0,0.0,34.06
722,0.0,0.0,0.0,0.0,2.13
723,0.0,0.0,0.0,0.0,29.95
724,0.0,0.0,0.0,0.0,38.75
725,0.0,0.0,0.0,0.0,26.24
726,0.0,0.0,0.0,0.0,7.94
727,0.0,0.0,0.0,0.0,-374.72
728,0.0,0.0,0.0,0.0,19.82
729,0.0,0.0,0.0,0.0,33.36
730,0.0,0.0,0.0,0.0,-128.14
731,0.0,0.0,0.0,0.0,11.86
732,0.0,0.0,0.0,0.0,-19.3
733,0.0,0.0,0.0,0.0,37.66
734,0.0,0.0,0.0,0.0,-11.58
735,0.0,0.0,0.0,0.0,27.6
736,0.0,0.0,0.0,0.0,6.3
737,0.0,0.0,0.0,0.0,22.72
738,0.0,0.0,0.0,0.0,119.76
739,0.0,0.0,0.0,0.0,9.98
740,0.0,0.0,0.0,0.0,43.17
741,0.0,0.0,0.0,0.0,11.18
742,0.0,0.0,0.0,0.0,127.39
743,0.0,0.0,0.0,0.0,1.74
744,0.0,0.0,0.0,0.0,12.5
745,0.0,0.0,0.0,0.0,32.89
746,0.0,0.0,0.0,0.0,36.62
747,0.0,0.0,0.0,0.0,14.54
748,0.0,0.0,0.0,0.0,68.7
749,0.0,0.0,0.0,0.0,44.35
750,0.0,0.0,0.0,0.0,101.19
751,0.0,0.0,0.0,0.0,170.33
752,0.0,0.0,0.0,0.0,40.33
753,0.0,0.0,0.0,0.0,262.6
754,0.0,0.0,0.0,0.0,250.81
755,0.0,0.0,0.0,0.0,316.23
756,0.0,0.0,0.0,0.0,290.66
757,0.0,0.0,0.0,0.0,22.2
758,0.0,0.0,0.0,0.0,141.44
759,0.0,0.0,0.0,0.0,17.0
760,0.0,0.0,0.0,0.0,-280.87
761,0.0,0.0,0.0,0.0,16.29
762,0.0,0.0,0.0,0.0,20.67
763,0.0,0.0,0.0,0.0,-72.2
764,0.0,0.0,0.0,0.0,73.31
765,0.0,0.0,0.0,0.0,6.69
766,0.0,0.0,0.0,0.0,8.01
767,0.0,0.0,0.0,0.0,4.7
768,0.0,0.0,0.0,0.0,-145.03
769,0.0,0.0,0.0,0.0,49.58
770,0.0,0.0,0.0,0.0,18.78
771,0.0,0.0,0.0,0.0,18.0
772,0.0,0.0,0.0,0.0,8.11
773,0.0,0.0,0.0,0.0,28.22
774,0.0,0.0,0.0,0.0,16.55
775,0.0,0.0,0.0,0.0,37.1
776,0.0,0.0,0.0,0.0,33.34
777,0.0,0.0,0.0,0.0,40.67
778,0.0,0.0,0.0,0.0,37.7
779,0.0,0.0,0.0,0.0,27.65
780,0.0,0.0,0.0,0.0,26.3
781,0.0,0.0,0.0,0.0,21.67
782,0.0,0.0,0.0,0.0,41.83
783,0.0,0.0,0.0,0.0,159.68
784,0.0,0.0,0.0,0.0,33.72
785,0.0,0.0,0.0,0.0,79.89
786,0.0,0.0,0.0,0.0,74.95
787,0.0,0.0,0.0,0.0,19.16
788,0.0,0.0,0.0,0.0,64.7
789,0.0,0.0,0.0,0.0,56.77
790,0.0,0.0,0.0,0.0,27.92
791,0.0,0.0,0.0,0.0,16.6
792,0.0,0.0,0.0,0.0,24.0
793,0.0,0.0,0.0,0.0,-130.08
794,0.0,0.0,0.0,0.0,7.05
795,0.0,0.0,0.0,0.0,-6.7
796,0.0,0.0,0.0,0.0,54.12
797,0.0,0.0,0.0,0.0,8.04
798,0.0,0.0,0.0,0.0,8.67
799,0.0,0.0,0.0,0.0,20.8
800,0.0,0.0,0.0,0.0,39.16
801,0.0,0.0,0.0,0.0,14.6
802,0.0,0.0,0.0,0.0,20.56
803,0.0,0.0,0.0,0.0,3.19
804,0.0,0.0,0.0,0.0,7.24
805,0.0,0.0,0.0,0.0,32.57
806,0.0,0.0,0.0,0.0,17.2
807,0.0,0.0,0.0,0.0,34.69
808,0.0,0.0,0.0,0.0,48.22
809,0.0,0.0,0.0,0.0,52.48
810,0.0,0.0,0.0,0.0,28.42
811,0.0,0.0,0.0,0.0,226.7
812,0.0,0.0,0.0,0.0,116.53
813,0.0,0.0,0.0,0.0,124.06
814,0.0,0.0,0.0,0.0,8.28
815,0.0,0.0,0.0,0.0,28.26
816,0.0,0.0,0.0,0.0,21.39
817,0.0,0.0,0.0,0.0,189.81
818,0.0,0.0,0.0,0.0,31.07
819,0.0,0.0,0.0,0.0,53.9
820,0.0,0.0,0.0,0.0,7.76
821,0.0,0.0,0.0,0.0,29.28
822,0.0,0.0,0.0,0.0,11.16
823,0.0,0.0,0.0,0.0,19.14
824,0.0,0.0,0.0,0.0,-470.11
825,0.0,0.0,0.0,0.0,24.95
826,0.0,0.0,0.0,0.0,2.62
827,0.0,0.0,0.0,0.0,35.55
828,0.0,0.0,0.0,0.0,25.83
829,0.0,0.0,0.0,0.0,30.82
830,0.0,0.0,0.0,0.0,8.31
831,0.0,0.0,0.0,0.0,10.0
832,0.0,0.0,0.0,0.0,29.86
833,0.0,0.0,0.0,0.0,41.32
834,0.0,0.0,0.0,0.0,37.87
835,0.0,0.0,0.0,0.0,222.66
836,0.0,0.0,0.0,0.0,78.86
837,0.0,0.0,0.0,0.0,78.56
838,0.0,0.0,0.0,0.0,13.7
839,0.0,0.0,0.0,0.0,24.22
840,0.0,0.0,0.0,0.0,5.4
841,0.0,0.0,0.0,0.0,19.68
842,0.0,0.0,0.0,0.0,-313.43
843,0.0,0.0,0.0,0.0,41.9
844,0.0,0.0,0.0,0.0,4.17
845,0.0,0.0,0.0,0.0,19.53
846,0.0,0.0,0.0,0.0,-21.6
847,0.0,0.0,0.0,0.0,22.08
848,0.0,0.0,0.0,0.0,-188.61
849,0.0,0.0,0.0,0.0,-126.26
850,0.0,0.0,0.0,0.0,57.06
851,0.0,0.0,0.0,0.0,17.02
852,0.0,0.0,0.0,0.0,13.32
853,0.0,0.0,0.0,0.0,86.62
854,0.0,0.0,0.0,0.0,53.92
855,0.0,0.0,0.0,0.0,24.57
856,0.0,0.0,0.0,0.0,-69.8
857,0.0,0.0,0.0,0.0,17.36
858,0.0,0.0,0.0,0.0,37.15
859,0.0,0.0,0.0,0.0,294.17
860,0.0,0.0,0.0,0.0,0.01
861,0.0,0.0,0.0,0.0,153.18
862,0.0,0.0,0.0,0.0,26.97
863,0.0,0.0,0.0,0.0,-1.17
864,0.0,0.0,0.0,0.0,25.52
865,0.0,0.0,0.0,0.0,108.47
866,0.0,0.0,0.0,0.0,75.3
867,0.0,0.0,0.0,0.0,216.92
868,0.0,0.0,0.0,0.0,48.73
869,0.0,0.0,0.0,0.0,64.56
870,0.0,0.0,0.0,0.0,17.07
871,0.0,0.0,0.0,0.0,26.8
872,0.0,0.0,0.0,0.0,-181.48
873,0.0,0.0,0.0,0.0,-28.5
874,0.0,0.0,0.0,0.0,4.5
875,0.0,0.0,0.0,0.0,67.76
876,0.0,0.0,0.0,0.0,-142.63
877,0.0,0.0,0.0,0.0,50.6
878,0.0,0.0,0.0,0.0,15.44
879,0.0,0.0,0.0,0.0,15.44
880,0.0,0.0,0.0,0.0,14.46
881,0.0,0.0,0.0,0.0,14.36
882,0.0,0.0,0.0,0.0,3.6
883,0.0,0.0,0.0,0.0,47.2
884,0.0,0.0,0.0,0.0,5.2
885,0.0,0.0,0.0,0.0,19.3
886,0.0,0.0,0.0,0.0,19.59
887,0.0,0.0,0.0,0.0,-473.56
888,0.0,0.0,0.0,0.0,12.28
889,0.0,0.0,0.0,0.0,25.35
890,0.0,0.0,0.0,0.0,66.32
891,0.0,0.0,0.0,0.0,41.14
892,0.0,0.0,0.0,0.0,-9.07
893,0.0,0.0,0.0,0.0,11.97
894,0.0,0.0,0.0,0.0,12.66
895,0.0,0.0,0.0,0.0,228.72
896,0.0,0.0,0.0,0.0,9.9
897,0.0,0.0,0.0,0.0,48.69
898,0.0,0.0,0.0,0.0,0.66
899,0.0,0.0,0.0,0.0,29.49
900,0.0,0.0,0.0,0.0,19.75
901,0.0,0.0,0.0,0.0,59.27
902,0.0,0.0,0.0,0.0,36.44
903,0.0,0.0,0.0,0.0,17.48
904,0.0,0.0,0.0,0.0,22.92
905,0.0,0.0,0.0,0.0,94.35
906,0.0,0.0,0.0,0.0,26.98
907,0.0,0.0,0.0,0.0,37.99
908,0.0,0.0,0.0,0.0,43.06
909,0.0,0.0,0.0,0.0,26.45
910,0.0,0.0,0.0,0.0,5.73
911,0.0,0.0,0.0,0.0,39.22
912,0.0,0.0,0.0,0.0,29.62
913,0.0,0.0,0.0,0.0,203.58
914,0.0,0.0,0.0,0.0,28.77
915,0.0,0.0,0.0,0.0,44.55
916,0.0,0.0,0.0,0.0,21.09
917,0.0,0.0,0.0,0.0,-7.72
918,0.0,0.0,0.0,0.0,13.53
919,0.0,0.0,0.0,0.0,54.04
920,0.0,0.0,0.0,0.0,50.7
921,0.0,0.0,0.0,0.0,52.13
922,0.0,0.0,0.0,0.0,-355.34
923,0.0,0.0,0.0,0.0,-41.91
924,0.0,0.0,0.0,0.0,-94.7
925,0.0,0.0,0.0,0.0,-120.66
926,0.0,0.0,0.0,0.0,9.6
927,0.0,0.0,0.0,0.0,115.44
928,0.0,0.0,0.0,0.0,-134.12
929,0.0,0.0,0.0,0.0,18.86
930,0.0,0.0,0.0,0.0,61.32
931,0.0,0.0,0.0,0.0,222.03
932,0.0,0.0,0.0,0.0,11.15
933,0.0,0.0,0.0,0.0,23.9
934,0.0,0.0,0.0,0.0,22.39
935,0.0,0.0,0.0,0.0,-39.05
936,0.0,0.0,0.0,0.0,34.23
937,0.0,0.0,0.0,0.0,14.81
938,0.0,0.0,0.0,0.0,10.41
939,0.0,0.0,0.0,0.0,16.8
940,0.0,0.0,0.0,0.0,83.62
941,0.0,0.0,0.0,0.0,12.94
942,0.0,0.0,0.0,0.0,18.03
943,0.0,0.0,0.0,0.0,-48.88
944,0.0,0.0,0.0,0.0,43.69
945,0.0,0.0,0.0,0.0,40.05
946,0.0,0.0,0.0,0.0,55.64
947,0.0,0.0,0.0,0.0,83.47
948,0.0,0.0,0.0,0.0,146.11
949,0.0,0.0,0.0,0.0,232.11
950,0.0,0.0,0.0,0.0,148.43
951,0.0,0.0,0.0,0.0,13.76
952,0.0,0.0,0.0,0.0,19.3
953,0.0,0.0,0.0,0.0,-22.23
954,0.0,0.0,0.0,0.0,9.04
955,0.0,0.0,0.0,0.0,14.68
956,0.0,0.0,0.0,0.0,11.32
957,0.0,0.0,0.0,0.0,-392.7
958,0.0,0.0,0.0,0.0,-1675.82
959,0.0,0.0,0.0,0.0,23.16
960,0.0,0.0,0.0,0.0,-363.54
961,0.0,0.0,0.0,0.0,15.04
962,0.0,0.0,0.0,0.0,-144.0
963,0.0,0.0,0.0,0.0,17.52
964,0.0,0.0,0.0,0.0,-538.95
965,0.0,0.0,0.0,0.0,-176.82
966,0.0,0.0,0.0,0.0,42.25
967,0.0,0.0,0.0,0.0,7.95
968,0.0,0.0,0.0,0.0,11.16
969,0.0,0.0,0.0,0.0,73.19
970,0.0,0.0,0.0,0.0,39.43
971,0.0,0.0,0.0,0.0,5.84
972,0.0,0.0,0.0,0.0,7.35
973,0.0,0.0,0.0,0.0,34.75
974,0.0,0.0,0.0,0.0,39.01
975,0.0,0.0,0.0,0.0,25.38
976,0.0,0.0,0.0,0.0,100.86
977,0.0,0.0,0.0,0.0,60.88
978,0.0,0.0,0.0,0.0,42.75
979,0.0,0.0,0.0,0.0,17.57
980,0.0,0.0,0.0,0.0,-47.67
981,0.0,0.0,0.0,0.0,39.4
982,0.0,0.0,0.0,0.0,45.35
983,0.0,0.0,0.0,0.0,28.35
984,0.0,0.0,0.0,0.0,-26.81
985,0.0,0.0,0.0,0.0,11.74
986,0.0,0.0,0.0,0.0,-40.99
987,0.0,0.0,0.0,0.0,40.4
988,0.0,0.0,0.0,0.0,51.79
989,0.0,0.0,0.0,0.0,21.96
990,0.0,0.0,0.0,0.0,164.71
991,0.0,0.0,0.0,0.0,172.04
992,0.0,0.0,0.0,0.0,84.16
993,0.0,0.0,0.0,0.0,143.01
994,0.0,0.0,0.0,0.0,43.2
995,0.0,0.0,0.0,0.0,114.55
996,0.0,0.0,0.0,0.0,124.38
997,0.0,0.0,0.0,0.0,-389.42
998,0.0,0.0,0.0,0.0,-24.78
999,0.0,0.0,0.0,0.0,13.33
1000,0.0,0.0,0.0,0.0,-41.99
1001,0.0,0.0,0.0,0.0,-12.57
1002,0.0,0.0,0.0,0.0,33.12
1003,0.0,0.0,0.0,0.0,27.02
1004,0.0,0.0,0.0,0.0,10.06
1005,0.0,0.0,0.0,0.0,6.6
1006,0.0,0.0,0.0,0.0,18.58
1007,0.0,0.0,0.0,0.0,-96.6
1008,0.0,0.0,0.0,0.0,326.61
1009,0.0,0.0,0.0,0.0,32.67
1010,0.0,0.0,0.0,0.0,21.36
1011,0.0,0.0,0.0,0.0,12.6
1012,0.0,0.0,0.0,0.0,54.73
1013,0.0,0.0,0.0,0.0,26.23
1014,0.0,0.0,0.0,0.0,29.35
1015,0.0,0.0,0.0,0.0,29.92
1016,0.0,0.0,0.0,0.0,23.76
1017,0.0,0.0,0.0,0.0,44.8
1018,0.0,0.0,0.0,0.0,6.85
1019,0.0,0.0,0.0,0.0,19.31
1020,0.0,0.0,0.0,0.0,14.62
1021,0.0,0.0,0.0,0.0,145.3
1022,0.0,0.0,0.0,0.0,30.02
1023,0.0,0.0,0.0,0.0,158.89
1024,0.0,0.0,0.0,0.0,99.03
1025,0.0,0.0,0.0,0.0,190.96
1026,0.0,0.0,0.0,0.0,112.8
1027,0.0,0.0,0.0,0.0,52.51
1028,0.0,0.0,0.0,0.0,-48.26
1029,0.0,0.0,0.0,0.0,27.52
1030,0.0,0.0,0.0,0.0,171.8
1031,0.0,0.0,0.0,0.0,19.66
1032,0.0,0.0,0.0,0.0,18.4
1033,0.0,0.0,0.0,0.0,41.38
1034,0.0,0.0,0.0,0.0,16.72
1035,0.0,0.0,0.0,0.0,9.7
1036,0.0,0.0,0.0,0.0,28.18
1037,0.0,0.0,0.0,0.0,9.2
1038,0.0,0.0,0.0,0.0,155.25
1039,0.0,0.0,0.0,0.0,64.26
1040,0.0,0.0,0.0,0.0,104.86
1041,0.0,0.0,0.0,0.0,16.58
1042,0.0,0.0,0.0,0.0,27.46
1043,0.0,0.0,0.0,0.0,56.57
1044,0.0,0.0,0.0,0.0,36.8
1045,0.0,0.0,0.0,0.0,26.39
1046,0.0,0.0,0.0,0.0,65.76
1047,0.0,0.0,0.0,0.0,38.29
1048,0.0,0.0,0.0,0.0,155.45
1049,0.0,0.0,0.0,0.0,116.43
1050,0.0,0.0,0.0,0.0,96.71
1051,0.0,0.0,0.0,0.0,63.33
1052,0.0,0.0,0.0,0.0,19.81
1053,0.0,0.0,0.0,0.0,-78.21
1054,0.0,0.0,0.0,0.0,-159.46
1055,0.0,0.0,0.0,0.0,29.43
1056,0.0,0.0,0.0,0.0,11.38
1057,0.0,0.0,0.0,0.0,9.6
1058,0.0,0.0,0.0,0.0,-65.22
1059,0.0,0.0,0.0,0.0,-7.42
1060,0.0,0.0,0.0,0.0,10.9
1061,0.0,0.0,0.0,0.0,97.52
1062,0.0,0.0,0.0,0.0,39.95
1063,0.0,0.0,0.0,0.0,23.16
1064,0.0,0.0,0.0,0.0,-31.78
1065,0.0,0.0,0.0,0.0,23.91
1066,0.0,0.0,0.0,0.0,29.39
1067,0.0,0.0,0.0,0.0,33.44
1068,0.0,0.0,0.0,0.0,99.89
1069,0.0,0.0,0.0,0.0,21.43
1070,0.0,0.0,0.0,0.0,18.77
1071,0.0,0.0,0.0,0.0,204.08
1072,0.0,0.0,0.0,0.0,22.71
1073,0.0,0.0,0.0,0.0,49.87
1074,0.0,0.0,0.0,0.0,94.48
1075,0.0,0.0,0.0,0.0,14.23
1076,0.0,0.0,0.0,0.0,45.88
1077,0.0,0.0,0.0,0.0,47.88
1078,0.0,0.0,0.0,0.0,44.16
1079,0.0,0.0,0.0,0.0,44.18
1080,0.0,0.0,0.0,0.0,68.66
1081,0.0,0.0,0.0,0.0,63.1
1082,0.0,0.0,0.0,0.0,48.52
1083,0.0,0.0,0.0,0.0,154.65
1084,0.0,0.0,0.0,0.0,5.66
1085,0.0,0.0,0.0,0.0,21.39
1086,0.0,0.0,0.0,0.0,24.7
1087,0.0,0.0,0.0,0.0,7.6
1088,0.0,0.0,0.0,0.0,23.94
1089,0.0,0.0,0.0,0.0,15.76
1090,0.0,0.0,0.0,0.0,8.87
1091,0.0,0.0,0.0,0.0,26.8
1092,0.0,0.0,0.0,0.0,59.98
1093,0.0,0.0,0.0,0.0,6.9
1094,0.0,0.0,0.0,0.0,65.7
1095,0.0,0.0,0.0,0.0,120.54
1096,0.0,0.0,0.0,0.0,142.35
1097,0.0,0.0,0.0,0.0,16.94
1098,0.0,0.0,0.0,0.0,4.97
1099,0.0,0.0,0.0,0.0,25.0
1100,0.0,0.0,0.0,0.0,16.21
1101,0.0,0.0,0.0,0.0,7.14
1102,0.0,0.0,0.0,0.0,14.55
1103,0.0,0.0,0.0,0.0,42.43
1104,0.0,0.0,0.0,0.0,18.16
1105,0.0,0.0,0.0,0.0,67.55
1106,0.0,0.0,0.0,0.0,83.72
1107,0.0,0.0,0.0,0.0,51.98
1108,0.0,0.0,0.0,0.0,457.62
1109,0.0,0.0,0.0,0.0,88.7
1110,0.0,0.0,0.0,0.0,141.03
1111,0.0,0.0,0.0,0.0,153.52
1112,0.0,0.0,0.0,0.0,-647.77
1113,0.0,0.0,0.0,0.0,185.29
1114,0.0,0.0,0.0,0.0,35.12
1115,0.0,0.0,0.0,0.0,150.38
1116,0.0,0.0,0.0,0.0,261.22
1117,0.0,0.0,0.0,0.0,193.6
1118,0.0,0.0,0.0,0.0,1.95
1119,0.0,0.0,0.0,0.0,4.76
1120,0.0,0.0,0.0,0.0,19.3
1121,0.0,0.0,0.0,0.0,-28.47
1122,0.0,0.0,0.0,0.0,-154.76
1123,0.0,0.0,0.0,0.0,7.86
1124,0.0,0.0,0.0,0.0,79.72
1125,0.0,0.0,0.0,0.0,29.08
1126,0.0,0.0,0.0,0.0,8.62
1127,0.0,0.0,0.0,0.0,67.54
1128,0.0,0.0,0.0,0.0,24.95
1129,0.0,0.0,0.0,0.0,3.55
1130,0.0,0.0,0.0,0.0,10.5
1131,0.0,0.0,0.0,0.0,-35.8
1132,0.0,0.0,0.0,0.0,3.65
1133,0.0,0.0,0.0,0.0,1109.44
1134,0.0,0.0,0.0,0.0,35.04
1135,0.0,0.0,0.0,0.0,17.36
1136,0.0,0.0,0.0,0.0,26.53
1137,0.0,0.0,0.0,0.0,3.97
1138,0.0,0.0,0.0,0.0,35.59
1139,0.0,0.0,0.0,0.0,-69.84
1140,0.0,0.0,0.0,0.0,23.5
1141,0.0,0.0,0.0,0.0,65.31
1142,0.0,0.0,0.0,0.0,136.39
1143,0.0,0.0,0.0,0.0,86.34
1144,0.0,0.0,0.0,0.0,60.54
1145,0.0,0.0,0.0,0.0,67.39
1146,0.0,0.0,0.0,0.0,47.91
1147,0.0,0.0,0.0,0.0,-68.96
1148,0.0,0.0,0.0,0.0,6.21
1149,0.0,0.0,0.0,0.0,-196.74
1150,0.0,0.0,0.0,0.0,19.3
1151,0.0,0.0,0.0,0.0,18.87
1152,0.0,0.0,0.0,0.0,10.54
1153,0.0,0.0,0.0,0.0,7.4
1154,0.0,0.0,0.0,0.0,-110.5
1155,0.0,0.0,0.0,0.0,-138.5
1156,0.0,0.0,0.0,0.0,16.14
1157,0.0,0.0,0.0,0.0,-38.4
1158,0.0,0.0,0.0,0.0,-7.0
1159,0.0,0.0,0.0,0.0,14.6
1160,0.0,0.0,0.0,0.0,14.6
1161,0.0,0.0,0.0,0.0,16.34
1162,0.0,0.0,0.0,0.0,17.46
1163,0.0,0.0,0.0,0.0,18.28
1164,0.0,0.0,0.0,0.0,35.3
1165,0.0,0.0,0.0,0.0,26.79
1166,0.0,0.0,0.0,0.0,12.13
1167,0.0,0.0,0.0,0.0,9.31
1168,0.0,0.0,0.0,0.0,38.41
1169,0.0,0.0,0.0,0.0,24.99
1170,0.0,0.0,0.0,0.0,7.95
1171,0.0,0.0,0.0,0.0,43.35
1172,0.0,0.0,0.0,0.0,46.86
1173,0.0,0.0,0.0,0.0,14.51
1174,0.0,0.0,0.0,0.0,66.84
1175,0.0,0.0,0.0,0.0,106.3
1176,0.0,0.0,0.0,0.0,61.66
1177,0.0,0.0,0.0,0.0,105.61
1178,0.0,0.0,0.0,0.0,-140.15
1179,0.0,0.0,0.0,0.0,71.96
1180,0.0,0.0,0.0,0.0,65.33
1181,0.0,0.0,0.0,0.0,150.65
1182,0.0,0.0,0.0,0.0,143.91
1183,0.0,0.0,0.0,0.0,60.03
1184,0.0,0.0,0.0,0.0,3.96
1185,0.0,0.0,0.0,0.0,-226.95
1186,0.0,0.0,0.0,0.0,20.64
1187,0.0,0.0,0.0,0.0,16.74
1188,0.0,0.0,0.0,0.0,28.55
1189,0.0,0.0,0.0,0.0,36.22
1190,0.0,0.0,0.0,0.0,20.76
1191,0.0,0.0,0.0,0.0,20.32
1192,0.0,0.0,0.0,0.0,12.05
1193,0.0,0.0,0.0,0.0,-33.82
1194,0.0,0.0,0.0,0.0,-11.58
1195,0.0,0.0,0.0,0.0,18.12
1196,0.0,0.0,0.0,0.0,148.0
1197,0.0,0.0,0.0,0.0,-135.26
1198,0.0,0.0,0.0,0.0,-15.96
1199,0.0,0.0,0.0,0.0,112.8
1200,0.0,0.0,0.0,0.0,-239.78
1201,0.0,0.0,0.0,0.0,24.87
1202,0.0,0.0,0.0,0.0,-48.1
1203,0.0,0.0,0.0,0.0,28.4
1204,0.0,0.0,0.0,0.0,-18.4
1205,0.0,0.0,0.0,0.0,21.98
1206,0.0,0.0,0.0,0.0,36.65
1207,0.0,0.0,0.0,0.0,83.73
1208,0.0,0.0,0.0,0.0,26.94
1209,0.0,0.0,0.0,0.0,17.11
1210,0.0,0.0,0.0,0.0,11.63
1211,0.0,0.0,0.0,0.0,102.55
1212,0.0,0.0,0.0,0.0,19.61
1213,0.0,0.0,0.0,0.0,34.99
1214,0.0,0.0,0.0,0.0,47.98
1215,0.0,0.0,0.0,0.0,22.25
1216,0.0,0.0,0.0,0.0,173.97
1217,0.0,0.0,0.0,0.0,40.89
1218,0.0,0.0,0.0,0.0,21.35
1219,0.0,0.0,0.0,0.0,31.5
1220,0.0,0.0,0.0,0.0,118.21
1221,0.0,0.0,0.0,0.0,162.75
1222,0.0,0.0,0.0,0.0,83.21
1223,0.0,0.0,0.0,0.0,47.02
1224,0.0,0.0,0.0,0.0,181.94
1225,0.0,0.0,0.0,0.0,89.48
1226,0.0,0.0,0.0,0.0,85.72
1227,0.0,0.0,0.0,0.0,162.4
1228,0.0,0.0,0.0,0.0,52.43
1229,0.0,0.0,0.0,0.0,-248.38
1230,0.0,0.0,0.0,0.0,179.42
1231,0.0,0.0,0.0,0.0,39.5
1232,0.0,0.0,0.0,0.0,64.03
1233,0.0,0.0,0.0,0.0,37.08
1234,0.0,0.0,0.0,0.0,7.18
1235,0.0,0.0,0.0,0.0,44.15
1236,0.0,0.0,0.0,0.0,3.04
1237,0.0,0.0,0.0,0.0,25.35
1238,0.0,0.0,0.0,0.0,55.94
1239,0.0,0.0,0.0,0.0,55.84
1240,0.0,0.0,0.0,0.0,6.42
1241,0.0,0.0,0.0,0.0,54.11
1242,0.0,0.0,0.0,0.0,29.1
1243,0.0,0.0,0.0,0.0,109.46
1244,0.0,0.0,0.0,0.0,48.48
1245,0.0,0.0,0.0,0.0,55.82
1246,0.0,0.0,0.0,0.0,20.53
1247,0.0,0.0,0.0,0.0,-75.68
1248,0.0,0.0,0.0,0.0,15.67
1249,0.0,0.0,0.0,0.0,63.5
1250,0.0,0.0,0.0,0.0,-11.97
1251,0.0,0.0,0.0,0.0,79.56
1252,0.0,0.0,0.0,0.0,163.68
1253,0.0,0.0,0.0,0.0,141.67
1254,0.0,0.0,0.0,0.0,48.41
1255,0.0,0.0,0.0,0.0,151.71
1256,0.0,0.0,0.0,0.0,143.17
1257,0.0,0.0,0.0,0.0,-215.06
1258,0.0,0.0,0.0,0.0,-487.85
1259,0.0,0.0,0.0,0.0,9.9
1260,0.0,0.0,0.0,0.0,36.76
1261,0.0,0.0,0.0,0.0,7.16
1262,0.0,0.0,0.0,0.0,-31.24
1263,0.0,0.0,0.0,0.0,27.6
1264,0.0,0.0,0.0,0.0,29.95
1265,0.0,0.0,0.0,0.0,10.86
1266,0.0,0.0,0.0,0.0,62.64
1267,0.0,0.0,0.0,0.0,74.6
1268,0.0,0.0,0.0,0.0,18.68
1269,0.0,0.0,0.0,0.0,26.04
1270,0.0,0.0,0.0,0.0,28.32
1271,0.0,0.0,0.0,0.0,43.5
1272,0.0,0.0,0.0,0.0,105.25
1273,0.0,0.0,0.0,0.0,5.62
1274,0.0,0.0,0.0,0.0,92.23
1275,0.0,0.0,0.0,0.0,20.36
1276,0.0,0.0,0.0,0.0,84.43
1277,0.0,0.0,0.0,0.0,71.02
1278,0.0,0.0,0.0,0.0,17.43
1279,0.0,0.0,0.0,0.0,54.67
1280,0.0,0.0,0.0,0.0,332.02
1281,0.0,0.0,0.0,0.0,172.83
1282,0.0,0.0,0.0,0.0,176.24
1283,0.0,0.0,0.0,0.0,70.21
1284,0.0,0.0,0.0,0.0,208.03
1285,0.0,0.0,0.0,0.0,17.85
1286,0.0,0.0,0.0,0.0,-3.88
1287,0.0,0.0,0.0,0.0,44.33
1288,0.0,0.0,0.0,0.0,46.52
1289,0.0,0.0,0.0,0.0,27.52
1290,0.0,0.0,0.0,0.0,-74.88
1291,0.0,0.0,0.0,0.0,6.0
1292,0.0,0.0,0.0,0.0,-16.9
1293,0.0,0.0,0.0,0.0,-35.46
1294,0.0,0.0,0.0,0.0,24.96
1295,0.0,0.0,0.0,0.0,40.0
1296,0.0,0.0,0.0,0.0,29.52
1297,0.0,0.0,0.0,0.0,15.6
1298,0.0,0.0,0.0,0.0,9.0
1299,0.0,0.0,0.0,0.0,22.5
1300,0.0,0.0,0.0,0.0,62.9
1301,0.0,0.0,0.0,0.0,6.5
1302,0.0,0.0,0.0,0.0,9.03
1303,0.0,0.0,0.0,0.0,9.83
1304,0.0,0.0,0.0,0.0,73.55
1305,0.0,0.0,0.0,0.0,-25.68
1306,0.0,0.0,0.0,0.0,59.25
1307,0.0,0.0,0.0,0.0,-75.94
1308,0.0,0.0,0.0,0.0,99.83
1309,0.0,0.0,0.0,0.0,36.58
1310,0.0,0.0,0.0,0.0,40.14
1311,0.0,0.0,0.0,0.0,161.62
1312,0.0,0.0,0.0,0.0,47.44
1313,0.0,0.0,0.0,0.0,70.6
1314,0.0,0.0,0.0,0.0,46.54
1315,0.0,0.0,0.0,0.0,52.18
1316,0.0,0.0,0.0,0.0,66.53
1317,0.0,0.0,0.0,0.0,78.45
1318,0.0,0.0,0.0,0.0,42.82
1319,0.0,0.0,0.0,0.0,59.56
1320,0.0,0.0,0.0,0.0,159.12
1321,0.0,0.0,0.0,0.0,117.03
1322,0.0,0.0,0.0,0.0,31.22
1323,0.0,0.0,0.0,0.0,65.71
1324,0.0,0.0,0.0,0.0,9.36
1325,0.0,0.0,0.0,0.0,7.71
1326,0.0,0.0,0.0,0.0,53.8
1327,0.0,0.0,0.0,0.0,5.66
1328,0.0,0.0,0.0,0.0,9.29
1329,0.0,0.0,0.0,0.0,31.44
1330,0.0,0.0,0.0,0.0,-15.44
1331,0.0,0.0,0.0,0.0,-297.33
1332,0.0,0.0,0.0,0.0,5.24
1333,0.0,0.0,0.0,0.0,4.79
1334,0.0,0.0,0.0,0.0,17.06
1335,0.0,0.0,0.0,0.0,37.86
1336,0.0,0.0,0.0,0.0,23.3
1337,0.0,0.0,0.0,0.0,10.73
1338,0.0,0.0,0.0,0.0,18.69
1339,0.0,0.0,0.0,0.0,30.5
1340,0.0,0.0,0.0,0.0,0.01
1341,0.0,0.0,0.0,0.0,29.89
1342,0.0,0.0,0.0,0.0,17.91
1343,0.0,0.0,0.0,0.0,26.81
1344,0.0,0.0,0.0,0.0,35.07
1345,0.0,0.0,0.0,0.0,36.2
1346,0.0,0.0,0.0,0.0,106.72
1347,0.0,0.0,0.0,0.0,0.02
1348,0.0,0.0,0.0,0.0,118.8
1349,0.0,0.0,0.0,0.0,156.48
1350,0.0,0.0,0.0,0.0,77.32
1351,0.0,0.0,0.0,0.0,55.24
1352,0.0,0.0,0.0,0.0,171.25
1353,0.0,0.0,0.0,0.0,8.88
1354,0.0,0.0,0.0,0.0,21.1
1355,0.0,0.0,0.0,0.0,-188.1
1356,0.0,0.0,0.0,0.0,8.22
1357,0.0,0.0,0.0,0.0,81.58
1358,0.0,0.0,0.0,0.0,11.32
1359,0.0,0.0,0.0,0.0,-13.8
1360,0.0,0.0,0.0,0.0,42.91
1361,0.0,0.0,0.0,0.0,35.95
1362,0.0,0.0,0.0,0.0,13.5
1363,0.0,0.0,0.0,0.0,15.78
1364,0.0,0.0,0.0,0.0,16.33
1365,0.0,0.0,0.0,0.0,63.25
1366,0.0,0.0,0.0,0.0,8.16
1367,0.0,0.0,0.0,0.0,46.71
1368,0.0,0.0,0.0,0.0,10.53
1369,0.0,0.0,0.0,0.0,4.14
1370,0.0,0.0,0.0,0.0,10.95
1371,0.0,0.0,0.0,0.0,34.76
1372,0.0,0.0,0.0,0.0,31.93
1373,0.0,0.0,0.0,0.0,21.7
1374,0.0,0.0,0.0,0.0,16.9
1375,0.0,0.0,0.0,0.0,70.6
1376,0.0,0.0,0.0,0.0,34.11
1377,0.0,0.0,0.0,0.0,14.0
1378,0.0,0.0,0.0,0.0,70.51
1379,0.0,0.0,0.0,0.0,244.8
1380,0.0,0.0,0.0,0.0,-11.54
1381,0.0,0.0,0.0,0.0,8.6
1382,0.0,0.0,0.0,0.0,7.05
1383,0.0,0.0,0.0,0.0,15.04
1384,0.0,0.0,0.0,0.0,-369.52
1385,0.0,0.0,0.0,0.0,7.52
1386,0.0,0.0,0.0,0.0,5.36
1387,0.0,0.0,0.0,0.0,26.84
1388,0.0,0.0,0.0,0.0,194.26
1389,0.0,0.0,0.0,0.0,-11.58
1390,0.0,0.0,0.0,0.0,9.98
1391,0.0,0.0,0.0,0.0,19.75
1392,0.0,0.0,0.0,0.0,1809.66
1393,0.0,0.0,0.0,0.0,-30.03
1394,0.0,0.0,0.0,0.0,-19.3
1395,0.0,0.0,0.0,0.0,-149.54
1396,0.0,0.0,0.0,0.0,21.25
1397,0.0,0.0,0.0,0.0,-28.56
1398,0.0,0.0,0.0,0.0,-105.82
1399,0.0,0.0,0.0,0.0,8.4
1400,0.0,0.0,0.0,0.0,49.7
1401,0.0,0.0,0.0,0.0,44.54
1402,0.0,0.0,0.0,0.0,26.4
1403,0.0,0.0,0.0,0.0,50.96
1404,0.0,0.0,0.0,0.0,12.28
1405,0.0,0.0,0.0,0.0,51.68
1406,0.0,0.0,0.0,0.0,81.26
1407,0.0,0.0,0.0,0.0,51.88
1408,0.0,0.0,0.0,0.0,30.31
1409,0.0,0.0,0.0,0.0,8.16
1410,0.0,0.0,0.0,0.0,175.02
1411,0.0,0.0,0.0,0.0,27.32
1412,0.0,0.0,0.0,0.0,93.08
1413,0.0,0.0,0.0,0.0,96.19
1414,0.0,0.0,0.0,0.0,24.06
1415,0.0,0.0,0.0,0.0,-107.77
1416,0.0,0.0,0.0,0.0,-112.62
1417,0.0,0.0,0.0,0.0,-29.28
1418,0.0,0.0,0.0,0.0,7.17
1419,0.0,0.0,0.0,0.0,4.76
1420,0.0,0.0,0.0,0.0,32.3
1421,0.0,0.0,0.0,0.0,51.51
1422,0.0,0.0,0.0,0.0,-10.65
1423,0.0,0.0,0.0,0.0,42.29
1424,0.0,0.0,0.0,0.0,30.79
1425,0.0,0.0,0.0,0.0,83.86
1426,0.0,0.0,0.0,0.0,44.59
1427,0.0,0.0,0.0,0.0,172.69
1428,0.0,0.0,0.0,0.0,40.52
1429,0.0,0.0,0.0,0.0,99.2
1430,0.0,0.0,0.0,0.0,26.35
1431,0.0,0.0,0.0,0.0,75.18
1432,0.0,0.0,0.0,0.0,14.64
1433,0.0,0.0,0.0,0.0,18.38
1434,0.0,0.0,0.0,0.0,23.12
1435,0.0,0.0,0.0,0.0,40.79
1436,0.0,0.0,0.0,0.0,16.01
1437,0.0,0.0,0.0,0.0,77.24
1438,0.0,0.0,0.0,0.0,73.23
1439,0.0,0.0,0.0,0.0,34.85
1440,0.0,0.0,0.0,0.0,200.88
1441,0.0,0.0,0.0,0.0,18.45
1442,0.0,0.0,0.0,0.0,4.76
1443,0.0,0.0,0.0,0.0,-16.1
1444,0.0,0.0,0.0,0.0,493.29
1445,0.0,0.0,0.0,0.0,8.9
1446,0.0,0.0,0.0,0.0,14.04
1447,0.0,0.0,0.0,0.0,-14.54
1448,0.0,0.0,0.0,0.0,-139.08
1449,0.0,0.0,0.0,0.0,11.32
1450,0.0,0.0,0.0,0.0,1.54
1451,0.0,0.0,0.0,0.0,6.08
1452,0.0,0.0,0.0,0.0,87.28
1453,0.0,0.0,0.0,0.0,81.06
1454,0.0,0.0,0.0,0.0,21.48
1455,0.0,0.0,0.0,0.0,7.62
1456,0.0,0.0,0.0,0.0,45.33
1457,0.0,0.0,0.0,0.0,8.16
1458,0.0,0.0,0.0,0.0,57.23
1459,0.0,0.0,0.0,0.0,86.8
1460,0.0,0.0,0.0,0.0,69.51
1461,0.0,0.0,0.0,0.0,23.65
1462,0.0,0.0,0.0,0.0,24.43
1463,0.0,0.0,0.0,0.0,9.01
1464,0.0,0.0,0.0,0.0,56.75
1465,0.0,0.0,0.0,0.0,12.6
1466,0.0,0.0,0.0,0.0,32.12
1467,0.0,0.0,0.0,0.0,30.07
1468,0.0,0.0,0.0,0.0,50.98
1469,0.0,0.0,0.0,0.0,112.37
1470,0.0,0.0,0.0,0.0,69.29
1471,0.0,0.0,0.0,0.0,151.11
1472,0.0,0.0,0.0,0.0,76.45
1473,0.0,0.0,0.0,0.0,85.91
1474,0.0,0.0,0.0,0.0,67.09
1475,0.0,0.0,0.0,0.0,184.4
1476,0.0,0.0,0.0,0.0,-73.88
1477,0.0,0.0,0.0,0.0,-191.26
1478,0.0,0.0,0.0,0.0,200.85
1479,0.0,0.0,0.0,0.0,-50.74
1480,0.0,0.0,0.0,0.0,28.28
1481,0.0,0.0,0.0,0.0,-8.64
1482,0.0,0.0,0.0,0.0,-107.18
1483,0.0,0.0,0.0,0.0,20.64
1484,0.0,0.0,0.0,0.0,5.67
1485,0.0,0.0,0.0,0.0,-480.04
1486,0.0,0.0,0.0,0.0,5.08
1487,0.0,0.0,0.0,0.0,11.52
1488,0.0,0.0,0.0,0.0,-824.92
1489,0.0,0.0,0.0,0.0,11.32
1490,0.0,0.0,0.0,0.0,24.96
1491,0.0,0.0,0.0,0.0,27.23
1492,0.0,0.0,0.0,0.0,37.31
1493,0.0,0.0,0.0,0.0,98.16
1494,0.0,0.0,0.0,0.0,-62.93
1495,0.0,0.0,0.0,0.0,82.38
1496,0.0,0.0,0.0,0.0,9.31
1497,0.0,0.0,0.0,0.0,124.78
1498,0.0,0.0,0.0,0.0,14.87
1499,0.0,0.0,0.0,0.0,93.34
1500,0.0,0.0,0.0,0.0,106.24
1501,0.0,0.0,0.0,0.0,33.23
1502,0.0,0.0,0.0,0.0,25.48
1503,0.0,0.0,0.0,0.0,52.76
1504,0.0,0.0,0.0,0.0,-185.49
1505,0.0,0.0,0.0,0.0,-328.47
1506,0.0,0.0,0.0,0.0,78.05
1507,0.0,0.0,0.0,0.0,61.47
1508,0.0,0.0,0.0,0.0,8.4
1509,0.0,0.0,0.0,0.0,-322.37
1510,0.0,0.0,0.0,0.0,15.44
1511,0.0,0.0,0.0,0.0,43.47
1512,0.0,0.0,0.0,0.0,5.67
1513,0.0,0.0,0.0,0.0,44.94
1514,0.0,0.0,0.0,0.0,19.96
1515,0.0,0.0,0.0,0.0,9.52
1516,0.0,0.0,0.0,0.0,1.98
1517,0.0,0.0,0.0,0.0,11.85
1518,0.0,0.0,0.0,0.0,16.49
1519,0.0,0.0,0.0,0.0,-1.8
1520,0.0,0.0,0.0,0.0,6.87
1521,0.0,0.0,0.0,0.0,26.95
1522,0.0,0.0,0.0,0.0,20.21
1523,0.0,0.0,0.0,0.0,15.88
1524,0.0,0.0,0.0,0.0,111.01
1525,0.0,0.0,0.0,0.0,90.7
1526,0.0,0.0,0.0,0.0,31.82
1527,0.0,0.0,0.0,0.0,14.8
1528,0.0,0.0,0.0,0.0,17.58
1529,0.0,0.0,0.0,0.0,26.84
1530,0.0,0.0,0.0,0.0,147.75
1531,0.0,0.0,0.0,0.0,78.65
1532,0.0,0.0,0.0,0.0,124.44
1533,0.0,0.0,0.0,0.0,38.97
1534,0.0,0.0,0.0,0.0,157.32
1535,0.0,0.0,0.0,0.0,95.69
1536,0.0,0.0,0.0,0.0,131.28
1537,0.0,0.0,0.0,0.0,5.1
1538,0.0,0.0,0.0,0.0,5.52
1539,0.0,0.0,0.0,0.0,34.26
1540,0.0,0.0,0.0,0.0,-14.82
1541,0.0,0.0,0.0,0.0,-733.61
1542,0.0,0.0,0.0,0.0,39.48
1543,0.0,0.0,0.0,0.0,31.2
1544,0.0,0.0,0.0,0.0,46.32
1545,0.0,0.0,0.0,0.0,-0.01
1546,0.0,0.0,0.0,0.0,68.8
1547,0.0,0.0,0.0,0.0,25.45
1548,0.0,0.0,0.0,0.0,5.67
1549,0.0,0.0,0.0,0.0,10.28
1550,0.0,0.0,0.0,0.0,22.58
1551,0.0,0.0,0.0,0.0,-155.7
1552,0.0,0.0,0.0,0.0,-7.08
1553,0.0,0.0,0.0,0.0,14.38
1554,0.0,0.0,0.0,0.0,18.5
1555,0.0,0.0,0.0,0.0,9.04
1556,0.0,0.0,0.0,0.0,18.78
1557,0.0,0.0,0.0,0.0,-26.13
1558,0.0,0.0,0.0,0.0,126.95
1559,0.0,0.0,0.0,0.0,35.25
1560,0.0,0.0,0.0,0.0,54.88
1561,0.0,0.0,0.0,0.0,10.64
1562,0.0,0.0,0.0,0.0,92.87
1563,0.0,0.0,0.0,0.0,13.71
1564,0.0,0.0,0.0,0.0,16.74
1565,0.0,0.0,0.0,0.0,20.51
1566,0.0,0.0,0.0,0.0,22.73
1567,0.0,0.0,0.0,0.0,30.46
1568,0.0,0.0,0.0,0.0,51.12
1569,0.0,0.0,0.0,0.0,22.06
1570,0.0,0.0,0.0,0.0,85.83
1571,0.0,0.0,0.0,0.0,106.12
1572,0.0,0.0,0.0,0.0,77.83
1573,0.0,0.0,0.0,0.0,-75.48
1574,0.0,0.0,0.0,0.0,-9.48
1575,0.0,0.0,0.0,0.0,8.28
1576,0.0,0.0,0.0,0.0,-154.95
1577,0.0,0.0,0.0,0.0,12.48
1578,0.0,0.0,0.0,0.0,11.42
1579,0.0,0.0,0.0,0.0,-745.05
1580,0.0,0.0,0.0,0.0,5.0
1581,0.0,0.0,0.0,0.0,23.98
1582,0.0,0.0,0.0,0.0,64.56
1583,0.0,0.0,0.0,0.0,13.5
1584,0.0,0.0,0.0,0.0,18.0
1585,0.0,0.0,0.0,0.0,3.06
1586,0.0,0.0,0.0,0.0,11.5
1587,0.0,0.0,0.0,0.0,97.05
1588,0.0,0.0,0.0,0.0,22.73
1589,0.0,0.0,0.0,0.0,-23.13
1590,0.0,0.0,0.0,0.0,20.4
1591,0.0,0.0,0.0,0.0,27.4
1592,0.0,0.0,0.0,0.0,47.96
1593,0.0,0.0,0.0,0.0,28.96
1594,0.0,0.0,0.0,0.0,71.74
1595,0.0,0.0,0.0,0.0,82.51
1596,0.0,0.0,0.0,0.0,8.89
1597,0.0,0.0,0.0,0.0,90.38
1598,0.0,0.0,0.0,0.0,150.58
1599,0.0,0.0,0.0,0.0,150.98
1600,0.0,0.0,0.0,0.0,48.45
1601,0.0,0.0,0.0,0.0,62.59
1602,0.0,0.0,0.0,0.0,48.35
1603,0.0,0.0,0.0,0.0,14.22
1604,0.0,0.0,0.0,0.0,-11.58
1605,0.0,0.0,0.0,0.0,-10.35
1606,0.0,0.0,0.0,0.0,8.46
1607,0.0,0.0,0.0,0.0,12.0
1608,0.0,0.0,0.0,0.0,-2096.98
1609,0.0,0.0,0.0,0.0,40.18
1610,0.0,0.0,0.0,0.0,71.98
1611,0.0,0.0,0.0,0.0,14.62
1612,0.0,0.0,0.0,0.0,25.24
1613,0.0,0.0,0.0,0.0,48.35
1614,0.0,0.0,0.0,0.0,31.96
1615,0.0,0.0,0.0,0.0,44.71
1616,0.0,0.0,0.0,0.0,37.1
1617,0.0,0.0,0.0,0.0,35.94
1618,0.0,0.0,0.0,0.0,40.62
1619,0.0,0.0,0.0,0.0,27.75
1620,0.0,0.0,0.0,0.0,212.52
1621,0.0,0.0,0.0,0.0,53.56
1622,0.0,0.0,0.0,0.0,134.09
1623,7.5,0.0,7.5,0.0,17.38
1624,9.5,0.0,9.5,0.0,40.3
1625,12.5,0.0,12.5,0.0,27.14
1626,14.5,0.0,14.5,0.0,43.06
1627,14.5,0.0,14.5,0.0,48.29
1628,16.0,0.0,16.0,0.0,64.44
1629,18.0,0.0,18.0,0.0,25.44
1630,25.0,0.0,25.0,0.0,50.99
1631,48.0,0.0,48.0,0.0,67.9
1632,0.5,0.0,0.5,0.0,47.39
1633,0.5,0.0,0.5,0.0,111.64
1634,0.5,0.0,0.5,0.0,70.59
1635,1.25,0.0,1.25,0.0,48.99
1636,1.75,0.0,1.75,0.0,1.75
1637,28.25,0.0,28.25,0.0,42.77
1638,34.5,0.0,34.5,0.0,34.5
1639,46.5,0.0,46.5,0.0,135.72
1640,46.5,0.0,46.5,0.0,83.54
1641,52.5,0.0,52.5,0.0,87.25
1642,8.25,0.0,8.25,0.0,27.32
1643,53.25,0.0,53.25,0.0,162.65
1644,2.38,0.0,2.38,0.0,19.53
1645,2.88,0.0,2.88,0.0,67.4
1646,4.26,0.0,4.26,0.0,22.75
1647,4.76,0.0,4.76,0.0,34.33
1648,5.51,0.0,5.51,0.0,91.38
1649,6.26,0.0,6.26,0.0,29.4
1650,6.76,0.0,6.76,0.0,82.21
1651,7.76,0.0,7.76,0.0,64.49
1652,10.02,0.0,10.02,0.0,178.61
1653,11.52,0.0,11.52,0.0,11.52
1654,11.52,0.0,11.52,0.0,25.87
1655,12.52,0.0,12.52,0.0,18.21
1656,19.04,0.0,19.04,0.0,38.94
1657,30.04,0.0,30.04,0.0,33.9
1658,38.08,0.0,38.08,0.0,312.42
1659,1.19,0.0,1.19,0.0,61.68
1660,1.19,0.0,1.19,0.0,79.23
1661,1.69,0.0,1.69,0.0,9.79
1662,42.33,0.0,42.33,0.0,67.94
1663,16.29,0.0,16.29,0.0,47.98
1664,16.29,0.0,16.29,0.0,78.09
1665,20.29,0.0,20.29,0.0,161.93
1666,25.29,0.0,25.29,0.0,78.22
1667,32.58,0.0,32.58,0.0,38.15
1668,11.77,0.0,11.77,0.0,87.31
1669,25.54,0.0,25.54,0.0,99.45
1670,28.54,0.0,28.54,0.0,28.54
1671,21.79,0.0,21.79,0.0,72.31
1672,39.83,0.0,39.83,0.0,94.69
1673,2.01,0.0,2.01,0.0,3.18
1674,2.76,0.0,2.76,0.0,91.29
1675,3.76,0.0,3.76,0.0,43.01
1676,3.76,0.0,3.76,0.0,41.46
1677,3.76,0.0,3.76,0.0,6.25
1678,5.27,0.0,5.27,0.0,108.1
1679,1.88,0.0,1.88,0.0,50.15
1680,9.79,0.0,9.79,0.0,49.17
1681,11.29,0.0,11.29,0.0,53.97
1682,11.29,0.0,11.29,0.0,81.38
1683,14.79,0.0,14.79,0.0,41.94
1684,25.58,0.0,25.58,0.0,25.58
1685,26.58,0.0,26.58,0.0,26.58
1686,27.58,0.0,27.58,0.0,89.81
1687,28.58,0.0,28.58,0.0,63.62
1688,41.66,0.0,41.66,0.0,49.82
1689,4.28,0.0,4.28,0.0,157.07
1690,4.78,0.0,4.78,0.0,4.78
1691,5.53,0.0,5.53,0.0,37.13
1692,6.78,0.0,6.78,0.0,15.31
1693,7.53,0.0,7.53,0.0,62.97
1694,13.56,0.0,13.56,0.0,51.67
1695,40.24,0.0,40.24,0.0,148.54
1696,16.37,0.0,16.37,0.0,45.21
1697,32.74,0.0,32.74,0.0,32.74
1698,35.24,0.0,35.24,0.0,35.24
1699,18.87,0.0,18.87,0.0,18.87
1700,4.29,0.0,4.29,0.0,72.11
1701,4.79,0.0,4.79,0.0,42.61
1702,5.04,0.0,5.04,0.0,105.19
1703,6.29,0.0,6.29,0.0,59.09
1704,7.79,0.0,7.79,0.0,26.01
1705,10.58,0.0,10.58,0.0,55.94
1706,11.58,0.0,11.58,0.0,31.39
1707,18.16,0.0,18.16,0.0,36.71
1708,23.16,0.0,23.16,0.0,209.19
1709,28.16,0.0,28.16,0.0,75.68
1710,29.16,0.0,29.16,0.0,38.02
1711,1.26,0.0,1.26,0.0,25.92
1712,1.26,0.0,1.26,0.0,37.25
1713,1.26,0.0,1.26,0.0,18.27
1714,1.26,0.0,1.26,0.0,19.92
1715,1.26,0.0,1.26,0.0,19.11
1716,1.26,0.0,1.26,0.0,27.11
1717,1.76,0.0,1.76,0.0,38.66
1718,18.41,0.0,18.41,0.0,80.39
1719,19.41,0.0,19.41,0.0,126.89
1720,47.07,0.0,47.07,0.0,47.07
1721,55.07,0.0,55.07,0.0,55.07
1722,3.15,0.0,3.15,0.0,36.26
1723,3.4,0.0,3.4,0.0,45.7
1724,3.9,0.0,3.9,0.0,57.98
1725,4.8,0.0,4.8,0.0,222.0
1726,4.8,0.0,4.8,0.0,13.99
1727,5.05,0.0,5.05,0.0,10.49
1728,5.05,0.0,5.05,0.0,19.57
1729,5.05,0.0,5.05,0.0,13.31
1730,5.55,0.0,5.55,0.0,9.41
1731,7.05,0.0,7.05,0.0,26.77
1732,7.55,0.0,7.55,0.0,17.03
1733,15.1,0.0,15.1,0.0,39.55
1734,15.6,0.0,15.6,0.0,39.15
1735,42.4,0.0,42.4,0.0,50.14
1736,0.6,0.0,0.6,0.0,70.24
1737,0.85,0.0,0.85,0.0,34.26
1738,0.85,0.0,0.85,0.0,19.76
1739,0.85,0.0,0.85,0.0,1.1
1740,1.2,0.0,1.2,0.0,62.54
1741,1.7,0.0,1.7,0.0,24.19
1742,1.7,0.0,1.7,0.0,121.1
1743,1.7,0.0,1.7,0.0,53.15
1744,1.95,0.0,1.95,0.0,97.89
1745,1.95,0.0,1.95,0.0,38.64
1746,77.3,0.0,77.3,0.0,115.27
1747,422.2,0.0,422.2,0.0,491.56
1748,50.9,0.0,50.9,0.0,50.9
1749,51.15,0.0,51.15,0.0,57.29
1750,8.85,0.0,8.85,0.0,26.81
1751,9.35,0.0,9.35,0.0,137.65
1752,14.85,0.0,14.85,0.0,14.85
1753,19.7,0.0,19.7,0.0,30.98
1754,87.55,0.0,87.55,0.0,239.46
1755,16.95,0.0,16.95,0.0,142.5
1756,19.95,0.0,19.95,0.0,52.25
1757,21.95,0.0,21.95,0.0,112.91
1758,51.9,0.0,51.9,0.0,75.85
1759,2.53,0.0,2.53,0.0,69.96
1760,3.78,0.0,3.78,0.0,9.15
1761,3.78,0.0,3.78,0.0,57.7
1762,5.31,0.0,5.31,0.0,37.3
1763,5.81,0.0,5.81,0.0,18.46
1764,5.81,0.0,5.81,0.0,54.92
1765,1.89,0.0,1.89,0.0,82.59
1766,17.49,0.0,17.49,0.0,106.67
1767,14.37,0.0,14.37,0.0,14.37
1768,39.73,0.0,39.73,0.0,121.04
1769,49.73,0.0,49.73,0.0,120.27
1770,16.99,0.0,16.99,0.0,20.15
1771,16.99,0.0,16.99,0.0,25.08
1772,31.99,0.0,31.99,0.0,143.35
1773,31.99,0.0,31.99,0.0,132.39
1774,19.03,0.0,19.03,0.0,49.11
1775,5.07,0.0,5.07,0.0,5.07
1776,5.57,0.0,5.57,0.0,5.57
1777,7.32,0.0,7.32,0.0,20.48
1778,12.64,0.0,12.64,0.0,77.94
1779,17.28,0.0,17.28,0.0,21.94
1780,12.39,0.0,12.39,0.0,61.65
1781,12.89,0.0,12.89,0.0,30.28
1782,25.78,0.0,25.78,0.0,35.13
1783,27.78,0.0,27.78,0.0,122.08
1784,2.29,0.0,2.29,0.0,15.81
1785,2.79,0.0,2.79,0.0,23.76
1786,3.79,0.0,3.79,0.0,114.07
1787,5.08,0.0,5.08,0.0,66.84
1788,5.33,0.0,5.33,0.0,20.06
1789,5.33,0.0,5.33,0.0,48.16
1790,5.33,0.0,5.33,0.0,19.09
1791,5.58,0.0,5.58,0.0,339.09
1792,6.58,0.0,6.58,0.0,17.53
1793,8.16,0.0,8.16,0.0,59.41
1794,10.16,0.0,10.16,0.0,58.62
1795,11.16,0.0,11.16,0.0,25.16
1796,11.16,0.0,11.16,0.0,120.28
1797,11.16,0.0,11.16,0.0,46.48
1798,11.66,0.0,11.66,0.0,62.02
1799,17.32,0.0,17.32,0.0,17.32
1800,16.57,0.0,16.57,0.0,98.36
1801,19.57,0.0,19.57,0.0,66.26
1802,20.57,0.0,20.57,0.0,20.57
1803,236.56,0.0,236.56,0.0,310.29
1804,10.41,0.0,10.41,0.0,54.75
1805,10.91,0.0,10.91,0.0,98.83
1806,13.41,0.0,13.41,0.0,201.64
1807,19.82,0.0,19.82,0.0,54.44
1808,22.82,0.0,22.82,0.0,22.82
1809,21.11,0.0,21.11,0.0,28.31
1810,32.22,0.0,32.22,0.0,115.12
1811,4.84,0.0,4.84,0.0,25.81
1812,5.84,0.0,5.84,0.0,35.34
1813,13.18,0.0,13.18,0.0,41.46
1814,14.18,0.0,14.18,0.0,115.84
1815,14.68,0.0,14.68,0.0,125.17
1816,18.36,0.0,18.36,0.0,25.85
1817,36.72,0.0,36.72,0.0,132.2
1818,0.49,0.0,0.49,0.0,35.07
1819,0.49,0.0,0.49,0.0,40.46
1820,0.49,0.0,0.49,0.0,35.64
1821,24.61,0.0,24.61,0.0,51.63
1822,35.22,0.0,35.22,0.0,97.58
1823,22.86,0.0,22.86,0.0,153.07
1824,183.38,0.0,183.38,0.0,183.38
1825,56.55,0.0,56.55,0.0,380.88
1826,3.05,0.0,3.05,0.0,84.56
1827,4.35,0.0,4.35,0.0,68.21
1828,4.6,0.0,4.6,0.0,10.63
1829,4.85,0.0,4.85,0.0,105.82
1830,5.1,0.0,5.1,0.0,21.35
1831,5.1,0.0,5.1,0.0,83.32
1832,5.6,0.0,5.6,0.0,21.6
1833,7.6,0.0,7.6,0.0,23.49
1834,7.6,0.0,7.6,0.0,60.49
1835,7.6,0.0,7.6,0.0,151.97
1836,7.6,0.0,7.6,0.0,67.49
1837,7.6,0.0,7.6,0.0,41.71
1838,7.6,0.0,7.6,0.0,37.83
1839,7.6,0.0,7.6,0.0,83.09
1840,11.7,0.0,11.7,0.0,81.76
1841,15.2,0.0,15.2,0.0,139.69
1842,30.4,0.0,30.4,0.0,302.44
1843,30.4,0.0,30.4,0.0,49.55
1844,0.7,0.0,0.7,0.0,43.17
1845,0.7,0.0,0.7,0.0,32.4
1846,0.7,0.0,0.7,0.0,74.05
1847,0.7,0.0,0.7,0.0,64.9
1848,245.7,0.0,245.7,0.0,259.94
1849,9.95,0.0,9.95,0.0,28.81
1850,14.45,0.0,14.45,0.0,186.57
1851,15.45,0.0,15.45,0.0,54.75
1852,15.45,0.0,15.45,0.0,42.44
1853,15.95,0.0,15.95,0.0,75.85
1854,2.43,0.0,2.43,0.0,70.88
1855,3.18,0.0,3.18,0.0,136.33
1856,5.36,0.0,5.36,0.0,186.77
1857,6.61,0.0,6.61,0.0,45.96
1858,7.11,0.0,7.11,0.0,15.59
1859,8.22,0.0,8.22,0.0,82.19
1860,9.72,0.0,9.72,0.0,86.47
1861,11.72,0.0,11.72,0.0,82.31
1862,26.94,0.0,26.94,0.0,47.25
1863,30.94,0.0,30.94,0.0,293.64
1864,30.94,0.0,30.94,0.0,30.94
1865,2.31,0.0,2.31,0.0,48.35
1866,2.56,0.0,2.56,0.0,24.31
1867,0.01,0.0,0.01,0.0,0.01
1868,0.01,0.0,0.01,0.0,0.01
1869,0.89,0.0,0.89,0.0,27.96
1870,1.28,0.0,1.28,0.0,1.28
1871,23.73,0.0,23.73,0.0,24.72
1872,25.73,0.0,25.73,0.0,73.01
1873,41.46,0.0,41.46,0.0,41.46
1874,94.92,0.0,94.92,0.0,94.92
1875,8.49,0.0,8.49,0.0,30.78
1876,8.99,0.0,8.99,0.0,19.71
1877,9.49,0.0,9.49,0.0,25.46
1878,9.49,0.0,9.49,0.0,52.19
1879,11.49,0.0,11.49,0.0,131.42
1880,11.99,0.0,11.99,0.0,143.9
1881,11.99,0.0,11.99,0.0,199.82
1882,14.49,0.0,14.49,0.0,193.27
1883,14.99,0.0,14.99,0.0,218.61
1884,16.98,0.0,16.98,0.0,27.99
1885,28.98,0.0,28.98,0.0,30.16
1886,11.01,0.0,11.01,0.0,21.62
1887,18.02,0.0,18.02,0.0,134.12
1888,20.02,0.0,20.02,0.0,78.88
1889,32.29,0.0,32.29,0.0,91.07
1890,2.19,0.0,2.19,0.0,74.48
1891,2.94,0.0,2.94,0.0,88.55
1892,3.19,0.0,3.19,0.0,103.46
1893,3.19,0.0,3.19,0.0,47.23
1894,3.44,0.0,3.44,0.0,67.04
1895,3.69,0.0,3.69,0.0,68.36
1896,3.69,0.0,3.69,0.0,56.65
1897,6.13,0.0,6.13,0.0,6.13
1898,9.26,0.0,9.26,0.0,52.93
1899,10.26,0.0,10.26,0.0,43.35
1900,10.26,0.0,10.26,0.0,117.14
1901,12.26,0.0,12.26,0.0,83.63
1902,14.26,0.0,14.26,0.0,119.68
1903,19.52,0.0,19.52,0.0,248.39
1904,21.52,0.0,21.52,0.0,82.62
1905,24.52,0.0,24.52,0.0,30.63
1906,28.52,0.0,28.52,0.0,82.64
1907,0.43,0.0,0.43,0.0,58.25
1908,31.06,0.0,31.06,0.0,96.26
1909,22.56,0.0,22.56,0.0,60.29
1910,25.56,0.0,25.56,0.0,25.56
1911,25.56,0.0,25.56,0.0,25.56
1912,51.12,0.0,51.12,0.0,51.12
1913,40.2,0.0,40.2,0.0,60.43
1914,50.2,0.0,50.2,0.0,87.13
1915,16.35,0.0,16.35,0.0,122.93
1916,2.2,0.0,2.2,0.0,16.27
1917,2.2,0.0,2.2,0.0,35.98
1918,4.4,0.0,4.4,0.0,5.62
1919,6.9,0.0,6.9,0.0,19.33
1920,6.9,0.0,6.9,0.0,31.73
1921,9.3,0.0,9.3,0.0,84.38
1922,13.8,0.0,13.8,0.0,50.79
1923,14.8,0.0,14.8,0.0,25.98
1924,27.6,0.0,27.6,0.0,40.59
1925,55.2,0.0,55.2,0.0,139.87
1926,110.4,0.0,110.4,0.0,142.06
1927,0.55,0.0,0.55,0.0,37.25
1928,0.55,0.0,0.55,0.0,4.51
1929,0.55,0.0,0.55,0.0,63.49
1930,0.55,0.0,0.55,0.0,43.17
1931,0.55,0.0,0.55,0.0,64.16
1932,0.55,0.0,0.55,0.0,76.56
1933,1.1,0.0,1.1,0.0,23.0
1934,37.45,0.0,37.45,0.0,42.7
1935,91.4,0.0,91.4,0.0,110.45
1936,37.95,0.0,37.95,0.0,195.72
1937,67.9,0.0,67.9,0.0,67.9
1938,18.14,0.0,18.14,0.0,63.02
1939,27.14,0.0,27.14,0.0,49.93
1940,40.28,0.0,40.28,0.0,151.82
1941,3.08,0.0,3.08,0.0,79.67
1942,3.83,0.0,3.83,0.0,38.51
1943,8.82,0.0,8.82,0.0,61.48
1944,15.82,0.0,15.82,0.0,15.82
1945,17.64,0.0,17.64,0.0,17.64
1946,1.04,0.0,1.04,0.0,65.24
1947,1.04,0.0,1.04,0.0,66.55
1948,1.04,0.0,1.04,0.0,57.85
1949,1.29,0.0,1.29,0.0,25.32
1950,33.53,0.0,33.53,0.0,190.94
1951,16.89,0.0,16.89,0.0,25.37
1952,24.89,0.0,24.89,0.0,165.22
1953,33.78,0.0,33.78,0.0,107.55
1954,119.56,0.0,119.56,0.0,123.1
1955,9.09,0.0,9.09,0.0,47.05
1956,9.59,0.0,9.59,0.0,59.31
1957,12.09,0.0,12.09,0.0,28.97
1958,12.09,0.0,12.09,0.0,109.95
1959,38.36,0.0,38.36,0.0,194.56
1960,48.36,0.0,48.36,0.0,112.12
1961,35.11,0.0,35.11,0.0,35.11
1962,3.21,0.0,3.21,0.0,17.63
1963,12.84,0.0,12.84,0.0,27.7
1964,17.93,0.0,17.93,0.0,49.82
1965,10.61,0.0,10.61,0.0,59.38
1966,22.47,0.0,22.47,0.0,38.43
1967,34.94,0.0,34.94,0.0,98.86
1968,5.43,0.0,5.43,0.0,126.94
1969,5.68,0.0,5.68,0.0,60.75
1970,7.68,0.0,7.68,0.0,84.71
1971,15.36,0.0,15.36,0.0,17.52
1972,47.44,0.0,47.44,0.0,223.94
1973,68.04,0.0,68.04,0.0,87.13
1974,24.26,0.0,24.26,0.0,48.61
1975,65.29,0.0,65.29,0.0,302.83
1976,70.04,0.0,70.04,0.0,83.04
1977,2.47,0.0,2.47,0.0,105.26
1978,4.19,0.0,4.19,0.0,60.77
1979,4.69,0.0,4.69,0.0,24.18
1980,4.69,0.0,4.69,0.0,103.47
1981,5.44,0.0,5.44,0.0,85.65
1982,-5.69,0.0,-5.69,0.0,24.79
1983,5.94,0.0,5.94,0.0,50.7
1984,5.94,0.0,5.94,0.0,25.9
1985,5.94,0.0,5.94,0.0,59.47
1986,6.44,0.0,6.44,0.0,28.11
1987,6.44,0.0,6.44,0.0,11.51
1988,6.69,0.0,6.69,0.0,153.76
1989,6.69,0.0,6.69,0.0,44.83
1990,10.88,0.0,10.88,0.0,10.88
1991,-11.38,0.0,-11.38,0.0,5.14
1992,11.88,0.0,11.88,0.0,92.25
1993,16.76,0.0,16.76,0.0,143.93
1994,17.76,0.0,17.76,0.0,89.37
1995,76.45,0.0,76.45,0.0,165.14
1996,14.15,0.0,14.15,0.0,123.9
1997,14.15,0.0,14.15,0.0,63.13
1998,14.15,0.0,14.15,0.0,54.45
1999,14.15,0.0,14.15,0.0,136.87
2000,14.65,0.0,14.65,0.0,56.68
2001,17.3,0.0,17.3,0.0,17.31
2002,23.3,0.0,23.3,0.0,34.64
2003,34.6,0.0,34.6,0.0,34.6
2004,65.45,0.0,65.45,0.0,65.45
2005,26.55,0.0,26.55,0.0,26.55
2006,2.35,0.0,2.35,0.0,29.48
2007,3.35,0.0,3.35,0.0,6.45
2008,-3.35,0.0,-3.35,0.0,-6.45
2009,4.7,0.0,4.7,0.0,4.7
2010,6.45,0.0,6.45,0.0,29.24
2011,6.95,0.0,6.95,0.0,37.13
2012,11.4,0.0,11.4,0.0,103.48
2013,11.9,0.0,11.9,0.0,61.28
2014,12.9,0.0,12.9,0.0,12.9
2015,13.4,0.0,13.4,0.0,116.2
2016,13.9,0.0,13.9,0.0,58.28
2017,27.8,0.0,27.8,0.0,38.57
2018,39.6,0.0,39.6,0.0,100.5
2019,0.45,0.0,0.45,0.0,20.17
2020,0.45,0.0,0.45,0.0,76.62
2021,9.67,0.0,9.67,0.0,9.67
2022,10.17,0.0,10.17,0.0,10.17
2023,11.17,0.0,11.17,0.0,51.25
2024,13.17,0.0,13.17,0.0,14.67
2025,26.34,0.0,26.34,0.0,26.34
2026,74.61,0.0,74.61,0.0,88.51
2027,2.98,0.0,2.98,0.0,6.04
2028,2.98,0.0,2.98,0.0,32.32
2029,5.96,0.0,5.96,0.0,16.39
2030,7.96,0.0,7.96,0.0,49.24
2031,19.84,0.0,19.84,0.0,51.67
2032,0.87,0.0,0.87,0.0,4.46
2033,38.26,0.0,38.26,0.0,38.26
2034,19.38,0.0,19.38,0.0,19.38
2035,47.51,0.0,47.51,0.0,159.7
2036,7.72,0.0,7.72,0.0,107.2
2037,7.72,0.0,7.72,0.0,24.85
2038,16.88,0.0,16.88,0.0,100.67
2039,0.59,0.0,0.59,0.0,82.93
2040,52.09,0.0,52.09,0.0,125.93
2041,64.43,0.0,64.43,0.0,101.04
2042,19.17,0.0,19.17,0.0,40.83
2043,19.17,0.0,19.17,0.0,47.45
2044,24.17,0.0,24.17,0.0,139.85
2045,44.34,0.0,44.34,0.0,138.13
2046,50.59,0.0,50.59,0.0,210.49
2047,8.21,0.0,8.21,0.0,89.55
2048,33.09,0.0,33.09,0.0,66.09
2049,142.36,0.0,142.36,0.0,151.15
2050,2.74,0.0,2.74,0.0,56.67
2051,2.99,0.0,2.99,0.0,43.07
2052,2.99,0.0,2.99,0.0,49.31
2053,3.49,0.0,3.49,0.0,54.87
2054,4.98,0.0,4.98,0.0,14.46
2055,4.98,0.0,4.98,0.0,17.74
2056,5.98,0.0,5.98,0.0,124.2
2057,6.98,0.0,6.98,0.0,164.95
2058,17.92,0.0,17.92,0.0,127.45
2059,1.87,0.0,1.87,0.0,84.46
2060,77.34,0.0,77.34,0.0,165.11
2061,10.23,0.0,10.23,0.0,47.83
2062,57.67,0.0,57.67,0.0,157.58
2063,3.62,0.0,3.62,0.0,73.08
2064,4.49,0.0,4.49,0.0,12.8
2065,4.49,0.0,4.49,0.0,11.39
2066,4.49,0.0,4.49,0.0,68.44
2067,4.49,0.0,4.49,0.0,77.36
2068,4.74,0.0,4.74,0.0,13.22
2069,5.74,0.0,5.74,0.0,104.97
2070,6.49,0.0,6.49,0.0,32.06
2071,7.49,0.0,7.49,0.0,89.54
2072,7.49,0.0,7.49,0.0,13.32
2073,7.99,0.0,7.99,0.0,48.85
2074,8.98,0.0,8.98,0.0,170.68
2075,12.48,0.0,12.48,0.0,18.42
2076,17.96,0.0,17.96,0.0,129.44
2077,17.96,0.0,17.96,0.0,17.96
2078,24.96,0.0,24.96,0.0,46.56
2079,0.0,0.0,0.0,0.0,0.0
2080,0.0,0.0,0.0,0.0,0.0
2081,0.0,0.0,0.0,0.0,0.0
2082,0.0,0.0,0.0,0.0,0.0
2083,0.0,0.0,0.0,0.0,0.0
2084,0.0,0.0,0.0,0.0,0.0
2085,0.0,0.0,0.0,0.0,0.0
2086,0.0,0.0,0.0,123.14,0.0
2087,0.0,0.0,0.0,0.0,0.0
2088,0.0,0.0,0.0,0.0,0.0
2089,0.0,0.0,0.0,0.0,0.0
2090,0.0,0.0,0.0,0.0,0.0
2091,0.0,0.0,0.0,0.0,0.0
2092,0.0,0.0,0.0,-4.55,0.0
2093,0.0,0.0,0.0,0.0,11.58
2094,0.0,0.0,0.0,0.0,11.58
2095,0.0,0.0,0.0,0.0,11.58
2096,0.0,0.0,0.0,0.0,11.58
2097,0.0,0.0,0.0,0.0,11.58
2098,0.0,0.0,0.0,0.0,11.58
2099,0.0,0.0,0.0,0.0,11.58
2100,0.0,0.0,0.0,0.0,11.58
2101,0.0,0.0,0.0,0.0,11.58
2102,0.0,0.0,0.0,0.0,11.58
2103,0.0,0.0,0.0,0.0,7.72
2104,0.0,0.0,0.0,0.0,7.72
2105,0.0,0.0,0.0,0.0,7.72
2106,0.0,0.0,0.0,0.0,7.72
2107,0.0,0.0,0.0,0.0,7.72
2108,0.0,0.0,0.0,0.0,7.72
2109,0.0,0.0,0.0,0.0,7.72
2110,0.0,0.0,0.0,0.0,7.72
2111,0.0,0.0,0.0,0.0,7.72
2112,0.0,0.0,0.0,0.0,7.72
2113,0.0,0.0,0.0,0.0,7.72
2114,0.0,0.0,0.0,0.0,7.72
2115,0.0,0.0,0.0,0.0,7.72
2116,0.0,0.0,0.0,0.0,7.72
2117,0.0,0.0,0.0,0.0,7.72
